dataReferencia,sexo,idade,area,campus,faixaEtaria,voluntarioId
2025-10-01,M,55.0,MM FOTOGRAFIA,EKLEKTOS,ENTRE 55 E 60 ANOS,edc949d3426e18758ec8f2429520c05a
2025-10-01,F,24.0,MM FOTOGRAFIA,EKLEKTOS,ENTRE 20 E 25 ANOS,c47a1aeee7c18ad0d4d00fdf6a9cd3f6
2025-10-01,M,29.0,MM FOTOGRAFIA,VOX,ENTRE 25 E 30 ANOS,32d140bb79362cda8a051132d1211f8f
2025-10-01,F,27.0,MM LIVE STREAMING,DOMINGO,ENTRE 25 E 30 ANOS,2e7374774dd61ee0748d55825e0cd044
2025-10-01,M,39.0,MM LIVE STREAMING,DOMINGO,ENTRE 35 E 40 ANOS,400fcc59d9665808cff281cdc33d3ca6
2025-10-01,M,27.0,MM LIVE STREAMING,DOMINGO,ENTRE 25 E 30 ANOS,0363860238e92c56ec5d312a0ae45eb3
2025-10-01,F,28.0,MM LIVE STREAMING,DOMINGO,ENTRE 25 E 30 ANOS,4ca2bd523200d2e33aff6eac5c92e134
2025-10-01,F,25.0,MM LIVE STREAMING,DOMINGO,ENTRE 25 E 30 ANOS,b633cedb432e6cc49927ed476c5cfde7
2025-10-01,F,32.0,MM LIVE STREAMING,DOMINGO,ENTRE 30 E 35 ANOS,c74093a58ae3c0890d8ab41bdd246767
2025-10-01,M,24.0,MM LIVE STREAMING,DOMINGO,ENTRE 20 E 25 ANOS,c98f7b6620bde3ca7df5a4b88bf7293b
2025-10-01,F,28.0,MM LIVE STREAMING,DOMINGO,ENTRE 25 E 30 ANOS,ac46de7ed5268e85ebec13770ea562c3
2025-10-01,F,25.0,MM LIVE STREAMING,DOMINGO,ENTRE 25 E 30 ANOS,bae4230d4bbff8b278993dcee7df0382
2025-10-01,F,31.0,MM LIVE STREAMING,DOMINGO,ENTRE 30 E 35 ANOS,eebd9dc52c3594a5a3f5d1b6a855bd39
2025-10-01,F,21.0,MM LIVE STREAMING,EKLEKTOS,ENTRE 20 E 25 ANOS,f653f463486dec3cb923f9da2323a876
2025-10-01,F,28.0,MM LIVE STREAMING,VOX,ENTRE 25 E 30 ANOS,4c1049c5ef3f878ae5b7f3eab96214ef
2025-10-01,F,23.0,MM LIVE STREAMING,VOX,ENTRE 20 E 25 ANOS,a3ab1b8d340cb7d297f622c200cfc3d2
2025-10-01,M,21.0,MM LIVE STREAMING,VOX,ENTRE 20 E 25 ANOS,9e43d5c1728f214ab3bd3183443d4e47
2025-10-01,F,22.0,MM LIVE STREAMING,VOX,ENTRE 20 E 25 ANOS,6a3488ef5a95017d98503c2f479fe546
2025-10-01,F,31.0,MM MÍDIAS,DOMINGO,ENTRE 30 E 35 ANOS,2129179f9c6712bcd3f1365e4e83e7ed
2025-10-01,F,28.0,MM PROJEÇÃO,VOX,ENTRE 25 E 30 ANOS,19da38bf87e82fce17be10db3ac6ce6d
2025-10-01,M,20.0,MM PROJEÇÃO,VOX,ENTRE 20 E 25 ANOS,659e4d9953113c23de70b8c97b71afbf
2025-10-01,M,31.0,MM TÉCNICA,DOMINGO,ENTRE 30 E 35 ANOS,6d67d28e7f54b0d67157de3c9e683202
2025-10-01,M,43.0,MM TÉCNICA,DOMINGO,ENTRE 40 E 45 ANOS,ba853c7290cf387a9cfe1b4ff71fa694
2025-10-01,F,56.0,OP ACESSIBILIDADE,DOMINGO,ENTRE 55 E 60 ANOS,b2d920380105950eb9f3e0bc28a7dba8
2025-10-01,F,53.0,OP ACESSIBILIDADE,DOMINGO,ENTRE 50 E 55 ANOS,84ef1ba71aa6468c26c1ace7232cfbd9
2025-10-01,F,30.0,OP ACESSIBILIDADE,DOMINGO,ENTRE 30 E 35 ANOS,c4607376415904a9f7fd416a4fed8eac
2025-10-01,M,35.0,OP ACESSIBILIDADE,DOMINGO,ENTRE 35 E 40 ANOS,e95fa75e7656db6cbb04a45436f883f6
2025-10-01,M,35.0,OP ACESSIBILIDADE,DOMINGO,ENTRE 35 E 40 ANOS,b76921a63cc4fda97a7953ca4503e9e7
2025-10-01,F,40.0,OP ACESSIBILIDADE,EKLEKTOS,ENTRE 40 E 45 ANOS,47c33e9b3a73c188b33e7c71b75249fd
2025-10-01,F,55.0,OP ACESSIBILIDADE,EKLEKTOS,ENTRE 55 E 60 ANOS,d2fb916be09245a7ff2b71a6b5d45ebd
2025-10-01,F,18.0,OP ACESSIBILIDADE,VOX DOMINGO,ENTRE 15 E 20 ANOS,4e729f34d9d54b0f57e61e45053f1bb0
2025-10-01,M,25.0,OP ACESSIBILIDADE,VOX DOMINGO,ENTRE 25 E 30 ANOS,2095e8ce7e15f4f4378cc33a79db4ed0
2025-10-01,F,40.0,OP APOIO,DOMINGO,ENTRE 40 E 45 ANOS,b680d6ad52f15f3afa5ebbadf5279ff3
2025-10-01,M,43.0,OP APOIO,DOMINGO,ENTRE 40 E 45 ANOS,85e58efa1feae3a997bba739662b0df2
2025-10-01,F,28.0,OP APOIO,DOMINGO,ENTRE 25 E 30 ANOS,da6b1ba1da1a32d47297ec742f033910
2025-10-01,F,22.0,OP APOIO,DOMINGO,ENTRE 20 E 25 ANOS,1c0dcf34920e00289f53c081562ba139
2025-10-01,F,28.0,OP APOIO,DOMINGO,ENTRE 25 E 30 ANOS,34af21c83971931532e9b7e0801b1944
2025-10-01,F,30.0,OP APOIO,DOMINGO,ENTRE 30 E 35 ANOS,902d21adc93a5547bec43789fea6814c
2025-10-01,F,25.0,OP APOIO,DOMINGO,ENTRE 25 E 30 ANOS,140ceae751f2e5f0c0f0da9f0838bf18
2025-10-01,M,27.0,OP APOIO,DOMINGO,ENTRE 25 E 30 ANOS,068edffead411b3d1a959045f7145e6b
2025-10-01,M,38.0,OP APOIO,DOMINGO,ENTRE 35 E 40 ANOS,eca30c7c62f092f6d086baa1ab7b2ad9
2025-10-01,F,24.0,OP APOIO,DOMINGO,ENTRE 20 E 25 ANOS,de53056dc03a61c48ae64e05360dffeb
2025-10-01,F,25.0,OP APOIO,DOMINGO,ENTRE 25 E 30 ANOS,d02adbe520c7a2c8029b5bcf19801036
2025-10-01,F,22.0,OP APOIO,DOMINGO,ENTRE 20 E 25 ANOS,b08c93fd36f53c6c9ac4d73fc736eb4d
2025-10-01,F,32.0,OP APOIO,EKLEKTOS,ENTRE 30 E 35 ANOS,9558b5243130c54201c79b0d61dfb2d6
2025-10-01,F,41.0,OP APOIO,EKLEKTOS,ENTRE 40 E 45 ANOS,8a57b908c56ce09c4c90a7ddd7eec957
2025-10-01,F,27.0,OP APOIO,VOX,ENTRE 25 E 30 ANOS,84b93f43bd8a362721320aeecc0987a4
2025-10-01,F,22.0,OP APOIO,VOX,ENTRE 20 E 25 ANOS,2026e6e1cb9b25a982e5626d49869ae1
2025-10-01,M,23.0,OP APOIO,VOX,ENTRE 20 E 25 ANOS,5a19437360b62998cf0fddb30c4a881b
2025-10-01,F,21.0,OP APOIO,VOX,ENTRE 20 E 25 ANOS,b3756ba4180b456c8907841e665d8f69
2025-10-01,M,24.0,OP APOIO,VOX,ENTRE 20 E 25 ANOS,58213efe9c0481f9f4a7b57e90b7ceb0
2025-10-01,M,20.0,OP APOIO,VOX,ENTRE 20 E 25 ANOS,e394209d600b0c97c8e63abfc54d6689
2025-10-01,F,24.0,OP APOIO,VOX,ENTRE 20 E 25 ANOS,8b1e0fca860e1c58565320dce1f1d661
2025-10-01,F,33.0,OP APOIO,VOX,ENTRE 30 E 35 ANOS,019f22bf74b852a76a7bdccc65bba298
2025-10-01,M,37.0,OP APOIO,VOX,ENTRE 35 E 40 ANOS,5dc22b3b5f5e2f28ed8f37b63482138b
2025-10-01,F,72.0,OP COOKING,DOMINGO,ACIMA DE 60 ANOS,45fdff03fe3f7e1f584908a41bb2542d
2025-10-01,F,66.0,OP COOKING,DOMINGO,ACIMA DE 60 ANOS,1ce6fa0560ae6160e96ff19885ee25a8
2025-10-01,F,36.0,OP COOKING,DOMINGO,ENTRE 35 E 40 ANOS,56fffacec6e34ed74aea501a15ca9c8a
2025-10-01,F,37.0,OP COOKING,DOMINGO,ENTRE 35 E 40 ANOS,7228000400ad8823336e31a65cd293ef
2025-10-01,F,31.0,OP COOKING,DOMINGO,ENTRE 30 E 35 ANOS,1beea846b5c1063e497c40bd9f7f0611
2025-10-01,F,31.0,OP LOGÍSTICA,EKLEKTOS,ENTRE 30 E 35 ANOS,2ce1f8b79759a4a5bbd698df7dda6aec
2025-10-01,M,42.0,OP LOGÍSTICA,DOMINGO,ENTRE 40 E 45 ANOS,1cb48bb7255995572fa2fc1d68eefe36
2025-10-01,F,24.0,OP LOGÍSTICA,DOMINGO,ENTRE 20 E 25 ANOS,8711205c87132a8f448fb8a8dfcea19f
2025-10-01,M,18.0,OP LOGÍSTICA,DOMINGO,ENTRE 15 E 20 ANOS,b1baec75ebd1978ed0fb3654c53a7079
2025-10-01,M,39.0,OP LOGÍSTICA,DOMINGO,ENTRE 35 E 40 ANOS,9b1e5507448f239267ef05f836b30f96
2025-10-01,M,24.0,OP LOGÍSTICA,DOMINGO,ENTRE 20 E 25 ANOS,a7bfae479be51e5c696c231c977ac82c
2025-10-01,F,25.0,OP LOGÍSTICA,VOX,ENTRE 25 E 30 ANOS,df8d016cde8dac5fb67477bf292ea355
2025-10-01,F,22.0,OP LOGÍSTICA,VOX,ENTRE 20 E 25 ANOS,0a652fa35582a7a2f8b6c82ee185ee93
2025-10-01,F,24.0,OP LOGÍSTICA,VOX,ENTRE 20 E 25 ANOS,7b68f80cf462ac2fbbf7a40117cf2a62
2025-10-01,M,20.0,OP LOGÍSTICA,VOX,ENTRE 20 E 25 ANOS,38d12241a326d0ef41ce9783a8183098
2025-10-01,M,48.0,OP RECEPÇÃO,DOMINGO,ENTRE 45 E 50 ANOS,c04ac8650f7d69df4f5aae8202719cde
2025-10-01,F,45.0,OP RECEPÇÃO,DOMINGO,ENTRE 45 E 50 ANOS,319420db19aca73be22aee3dd9ae1e20
2025-10-01,M,41.0,OP RECEPÇÃO,DOMINGO,ENTRE 40 E 45 ANOS,d4b73cdfbfe499a1c9f01fd67f963e21
2025-10-01,M,47.0,OP RECEPÇÃO,DOMINGO,ENTRE 45 E 50 ANOS,be57d365b81d875950cf1332a991381d
2025-10-01,F,24.0,OP RECEPÇÃO,DOMINGO,ENTRE 20 E 25 ANOS,9218f0a7e8a9f13e9bd5b92bcc268e08
2025-10-01,F,25.0,OP RECEPÇÃO,DOMINGO,ENTRE 25 E 30 ANOS,da6fe68019b6df33d8c6b861299608e4
2025-10-01,F,22.0,OP RECEPÇÃO,DOMINGO,ENTRE 20 E 25 ANOS,247334405eea6327f5a61a33b505ac14
2025-10-01,F,26.0,OP RECEPÇÃO,DOMINGO,ENTRE 25 E 30 ANOS,02a398f6c9094c4ff5d5e5421d35bf23
2025-10-01,F,49.0,OP RECEPÇÃO,DOMINGO,ENTRE 45 E 50 ANOS,3a787639df53c0c1a04f079446e65ac4
2025-10-01,F,28.0,OP RECEPÇÃO,EKLEKTOS,ENTRE 25 E 30 ANOS,14c9c6d3bc56b4b48ad6af254961daaf
2025-10-01,M,32.0,OP RECEPÇÃO,EKLEKTOS,ENTRE 30 E 35 ANOS,d61e1fce453daad4036f9e5184be7dfb
2025-10-01,F,29.0,OP RECEPÇÃO,EKLEKTOS,ENTRE 25 E 30 ANOS,e1f8cffec29d54026e99ab69648a6aed
2025-10-01,F,35.0,OP ACESSIBILIDADE,EKLEKTOS,ENTRE 35 E 40 ANOS,3ec8497a6f39ddd0f7e9a208166a9b83
2025-10-01,M,49.0,OP RECEPÇÃO,EKLEKTOS,ENTRE 45 E 50 ANOS,f0abd795f35e0841c5318c77e12371b0
2025-10-01,F,28.0,OP RECEPÇÃO,VOX,ENTRE 25 E 30 ANOS,043682d3cf0156b8507b493e130251dc
2025-10-01,F,22.0,OP RECEPÇÃO,VOX,ENTRE 20 E 25 ANOS,85d11551469a3cfdef4c89d7b540a090
2025-10-01,M,27.0,OP RECEPÇÃO,VOX,ENTRE 25 E 30 ANOS,8bb0b2a07bc1d017b3ea608399fbbe5b
2025-10-01,F,27.0,OP RECEPÇÃO,VOX,ENTRE 25 E 30 ANOS,c035f90f24649889b42ce86866d1bfdd
2025-10-01,F,36.0,OP RECEPÇÃO,VOX,ENTRE 35 E 40 ANOS,a431c7fea1db4eede8e8d5ea39330688
2025-10-01,F,32.0,OP SALA DE VOLUNTÁRIOS,DOMINGO,ENTRE 30 E 35 ANOS,636ca838e128e990223e8af64fa7831a
2025-10-01,M,32.0,OP SEC,DOMINGO,ENTRE 30 E 35 ANOS,361efb3e3bcd1e56a6e67e383ab839e0
2025-10-01,M,29.0,OP SEC,DOMINGO,ENTRE 25 E 30 ANOS,0d0298e0f2ca4635bbc63b77c2b22d14
2025-10-01,F,39.0,PP COMUNICAÇÃO,DOMINGO,ENTRE 35 E 40 ANOS,26673c65e38d7b203d6fb25311b646aa
2025-10-01,F,31.0,PP COMUNICAÇÃO,EKLEKTOS DOMINGO,ENTRE 30 E 35 ANOS,dbb20dd2a731ea13c36c2a283b18a993
2025-10-01,M,24.0,PP COMUNICAÇÃO,VOX,ENTRE 20 E 25 ANOS,f5894b8806d7d92a02adaad1b8f30031
2025-10-01,M,44.0,PP GERENCIAMENTO,DOMINGO,ENTRE 40 E 45 ANOS,3db36744286b054c8ea488825a813983
2025-10-01,M,56.0,PP GERENCIAMENTO,DOMINGO,ENTRE 55 E 60 ANOS,aa1b5b2aff24403568fe599a56fa893f
2025-10-01,M,33.0,PP INTEGRACAO,DOMINGO,ENTRE 30 E 35 ANOS,65c7a43b58fe896a8a89e04bc8bb8045
2025-10-01,M,39.0,PP INTEGRACAO,DOMINGO,ENTRE 35 E 40 ANOS,21b097888cff31364c51ac874ffe8f21
2025-10-01,F,22.0,PP INTEGRACAO,DOMINGO,ENTRE 20 E 25 ANOS,f10a8eece3d9b0612d5b31ea3bd9b9a0
2025-10-01,F,30.0,PP INTEGRACAO,DOMINGO,ENTRE 30 E 35 ANOS,bd5f06ab086e4c06afc2631c11c216fe
2025-10-01,F,43.0,PP INTEGRACAO,DOMINGO,ENTRE 40 E 45 ANOS,da41a9a67e58ae99780afe627c75413a
2025-10-01,F,37.0,PP INTEGRACAO,DOMINGO,ENTRE 35 E 40 ANOS,0eaed6e8a0fff85b6bb4b0aa2157f161
2025-10-01,M,18.0,PP INTEGRACAO,DOMINGO,ENTRE 15 E 20 ANOS,6d641d24b008f8b92cb8128b0f01f1a7
2025-10-01,F,23.0,PP INTEGRACAO,DOMINGO,ENTRE 20 E 25 ANOS,46a7b53dd6660887a04b85691540c4f8
2025-10-01,F,44.0,PP INTEGRACAO,DOMINGO,ENTRE 40 E 45 ANOS,06d0b7ee527a2cf1821e90d22b7ebbf1
2025-10-01,F,35.0,PP INTEGRACAO,DOMINGO,ENTRE 35 E 40 ANOS,bcd30e6baa45a26b2714847c08f0280d
2025-10-01,F,40.0,Não informado,Não informado,ENTRE 40 E 45 ANOS,8ddc3f29941aa091d2fef55f743fd884
2025-10-01,F,24.0,Não informado,Não informado,ENTRE 20 E 25 ANOS,8c7dbb786301e739d1c17cb0c3ed1616
2025-08-01,F,30.0,BACKSTAGE,EKLEKTOS,ENTRE 30 E 35 ANOS,ba185615a3fabf9c8ef6f68215c46b27
2025-08-01,F,40.0,MM DEVELOPERS,DOMINGO,ENTRE 40 E 45 ANOS,709d373ea5dd5c1e96859ead674b6af4
2025-08-01,M,34.0,MM DEVELOPERS,DOMINGO,ENTRE 30 E 35 ANOS,f7422e3c5e3ecfb94b71dcd3523724f7
2025-08-01,M,44.0,MM FOTOGRAFIA,DOMINGO,ENTRE 40 E 45 ANOS,af3b098f912efe6af9266d0e383d75e9
2025-08-01,M,,MM FOTOGRAFIA,DOMINGO,Não informado,c4e60ef5f300e761c2bddb654ccdb193
2025-08-01,M,21.0,MM LIVE STREAMING,DOMINGO,ENTRE 20 E 25 ANOS,5f8aa9827e4ad59cb66aa1c1d6a73c17
2025-08-01,F,32.0,MM LIVE STREAMING,EKLEKTOS,ENTRE 30 E 35 ANOS,3a8e272d0a6a7cdffc819282ad679490
2025-08-01,F,27.0,MM LIVE STREAMING,VOX,ENTRE 25 E 30 ANOS,98c8d176bb2c3182eba3ff1255a38c9c
2025-08-01,F,22.0,MM LIVE STREAMING,DOMINGO,ENTRE 20 E 25 ANOS,4ee8460dedb42831c45be87888db1054
2025-08-01,F,24.0,MM LIVE STREAMING,EKLEKTOS,ENTRE 20 E 25 ANOS,700c1f1856d9169f31deb0eefe9b1c3f
2025-08-01,M,44.0,MM LIVE STREAMING,DOMINGO,ENTRE 40 E 45 ANOS,edbdd1ecfc55ec355d2d59168e2d9cfa
2025-08-01,F,28.0,MM PROJEÇÃO,DOMINGO,ENTRE 25 E 30 ANOS,c46c0ecf21ac8f6beab33c5935231be6
2025-08-01,M,36.0,MM SOM,VOX,ENTRE 35 E 40 ANOS,72a6e30b1b4d00f1da1589e56ac378de
2025-08-01,M,28.0,MM SOM,DOMINGO,ENTRE 25 E 30 ANOS,9d6bc4712b530e8f83d08d0382f7f9af
2025-08-01,M,31.0,MM TÉCNICA,EKLEKTOS,ENTRE 30 E 35 ANOS,96103079dcc2d0ae6acdfcba768ec5d9
2025-08-01,F,40.0,MM TÉCNICA,EKLEKTOS,ENTRE 40 E 45 ANOS,57751d48b71be4579723412e88505825
2025-08-01,F,31.0,OP ACESSIBILIDADE ,DOMINGO,ENTRE 30 E 35 ANOS,d7b04231c10ed91530c872e3f2886bb0
2025-08-01,F,33.0,OP ACESSIBILIDADE ,DOMINGO,ENTRE 30 E 35 ANOS,0071765c78421e01b2cf0a53848b469b
2025-08-01,F,33.0,OP APOIO,DOMINGO,ENTRE 30 E 35 ANOS,cc6158ebc26cfe7a109d1f0affc42158
2025-08-01,F,28.0,OP APOIO,EKLEKTOS,ENTRE 25 E 30 ANOS,edd71bbc684fa8f94e10edb1ffa2bc56
2025-08-01,F,31.0,OP APOIO,EKLEKTOS,ENTRE 30 E 35 ANOS,126849b44151878cd9636fc6efee7164
2025-08-01,F,49.0,OP APOIO,DOMINGO,ENTRE 45 E 50 ANOS,342df17c373f1da64be8ab70f57dc16b
2025-08-01,F,30.0,OP APOIO,DOMINGO,ENTRE 30 E 35 ANOS,1ab8406493330c9d184b66f79741a739
2025-08-01,F,28.0,OP APOIO,DOMINGO,ENTRE 25 E 30 ANOS,1a212b7c4a55ebbe9351c31be780bef3
2025-08-01,F,70.0,OP APOIO,DOMINGO,ACIMA DE 60 ANOS,64f0b76703b3bad1d02f576eb1bbb52a
2025-08-01,F,48.0,OP APOIO,DOMINGO,ENTRE 45 E 50 ANOS,9949bd2d6a3c0c36686be4301e554b6a
2025-08-01,M,35.0,OP APOIO,DOMINGO,ENTRE 35 E 40 ANOS,fb3be53d2cffeddf3eeb9ec0caa7fcd0
2025-08-01,F,30.0,OP APOIO,EKLEKTOS,ENTRE 30 E 35 ANOS,02e6e2e075f42b08ba539d8ee3bb5e91
2025-08-01,M,41.0,OP COOKING,DOMINGO,ENTRE 40 E 45 ANOS,efb9ea527e9ffb6598d39cfa1e834333
2025-08-01,F,25.0,OP LOGÍSTICA,VOX,ENTRE 25 E 30 ANOS,ca3edb2f3a87ee86c89cbde4db002f6e
2025-08-01,M,35.0,OP LOGÍSTICA,DOMINGO,ENTRE 35 E 40 ANOS,c3d8b9e1239eaac86a7d3b3cc219d265
2025-08-01,F,35.0,OP LOGÍSTICA,EKLEKTOS,ENTRE 35 E 40 ANOS,dd22b6e6e62587e5fa0ce727dc4918a8
2025-08-01,F,30.0,OP LOGÍSTICA,DOMINGO,ENTRE 30 E 35 ANOS,68433132d9471702a7d49bdf092dd434
2025-08-01,F,32.0,OP MANAGER,EKLEKTOS,ENTRE 30 E 35 ANOS,e64c25b542cd66a718a3e3611d335826
2025-08-01,F,25.0,OP RECEPÇÃO,VOX,ENTRE 25 E 30 ANOS,9ce20455ff15b1c7e6fa6844fdab0f00
2025-08-01,M,27.0,OP RECEPÇÃO,DOMINGO,ENTRE 25 E 30 ANOS,0e0492644ebb063c8f7bc5290149c4ec
2025-08-01,F,44.0,OP RECEPÇÃO,DOMINGO,ENTRE 40 E 45 ANOS,1b6db8b390aa1d61f5dc75e47c188ea2
2025-08-01,F,32.0,OP RECEPÇÃO,EKLEKTOS,ENTRE 30 E 35 ANOS,818bf31d7fe7aefd1619fdc8cc1c007e
2025-08-01,M,57.0,OP RECEPÇÃO,DOMINGO,ENTRE 55 E 60 ANOS,79cdf2631daeb7ac3220c9660aabacba
2025-08-01,F,31.0,OP RECEPÇÃO,DOMINGO,ENTRE 30 E 35 ANOS,1d91249f543c274604e81088b2eea9b1
2025-08-01,F,23.0,OP RECEPÇÃO,DOMINGO,ENTRE 20 E 25 ANOS,79be00fb6cf6f4b7cb04462b293da97c
2025-08-01,F,40.0,OP SALA DE VOLUNTÁRIOS,DOMINGO,ENTRE 40 E 45 ANOS,c0ec6806c0819c43b72f9804dc7b82b6
2025-08-01,F,37.0,OP SALA DE VOLUNTÁRIOS,DOMINGO,ENTRE 35 E 40 ANOS,df1d04023e47f015b23da5d76550cab2
2025-08-01,F,30.0,OP SALA DE VOLUNTÁRIOS,DOMINGO,ENTRE 30 E 35 ANOS,fe797f2f8659a422427d5487c9f49c21
2025-08-01,F,37.0,OP SALA DE VOLUNTÁRIOS,DOMINGO,ENTRE 35 E 40 ANOS,25e2e795f1cbf6d1bc080622af9f0a73
2025-08-01,F,32.0,OP SALA DE VOLUNTÁRIOS,DOMINGO,ENTRE 30 E 35 ANOS,e8475e9b870566022c92c087de29c37b
2025-08-01,M,28.0,OP SALA DE VOLUNTÁRIOS,DOMINGO,ENTRE 25 E 30 ANOS,0da55ecb9c0d40d1098ddd7c69259e48
2025-08-01,F,48.0,OP SALA DE VOLUNTÁRIOS,DOMINGO,ENTRE 45 E 50 ANOS,72827865e0246779a49f03990e9db1c8
2025-08-01,M,44.0,OP SECURITY,DOMINGO,ENTRE 40 E 45 ANOS,a99a8cb4883cb1a13a2eac633d4ee1eb
2025-08-01,M,31.0,OP SECURITY,DOMINGO,ENTRE 30 E 35 ANOS,c2fabe9c91f9e32860ee199ccd04938b
2025-08-01,M,28.0,PP GERENCIAMENTO,DOMINGO,ENTRE 25 E 30 ANOS,58c9f0ef93828e3f924b6b8057ec1afe
2025-08-01,F,27.0,PP GERENCIAMENTO,DOMINGO,ENTRE 25 E 30 ANOS,52821e3ea1d27dcbb3c95387c9b3b265
2025-08-01,M,34.0,PP GERENCIAMENTO,DOMINGO,ENTRE 30 E 35 ANOS,a9943b9ec55bfac3257bc84a7510d846
2025-08-01,F,40.0,PP GERENCIAMENTO,DOMINGO,ENTRE 40 E 45 ANOS,a89cc10430ec1a4bcfa6d1db1fead499
2025-08-01,F,42.0,PP GERENCIAMENTO,DOMINGO,ENTRE 40 E 45 ANOS,5522cef9a9f40d74ae8258958aa9fb81
2025-08-01,F,38.0,PP GERENCIAMENTO,DOMINGO,ENTRE 35 E 40 ANOS,8e9c7c903295c899c3304da722e83ff2
2025-08-01,F,33.0,PP GERENCIAMENTO,DOMINGO,ENTRE 30 E 35 ANOS,ebd8c015adca7dc2ef225a0b83943f61
2025-08-01,F,,PP GERENCIAMENTO,DOMINGO,Não informado,f3a27d89bd1764959141f820a5b27ced
2025-06-01,F,24.0,MM DEVELOPERS,DOMINGO,ENTRE 20 E 25 ANOS,4ab5b52e0c4cafc0753f16fa917b16a8
2025-06-01,M,22.0,MM DEVELOPERS,DOMINGO,ENTRE 20 E 25 ANOS,01c3af8d94281363c83ece61f485324a
2025-06-01,M,29.0,MM DEVELOPERS,EKLEKTOS,ENTRE 25 E 30 ANOS,78618401945d0ddde801ac9d5103d4e7
2025-06-01,F,40.0,MM DEVELOPERS,DOMINGO,ENTRE 40 E 45 ANOS,8c9e7d486a8498080eb5369288fc6ed5
2025-06-01,M,33.0,MM DEVELOPERS,VOX,ENTRE 30 E 35 ANOS,a5dbc6e99aac05339286abaf933c3872
2025-06-01,F,25.0,MM DEVELOPERS,EKLEKTOS,ENTRE 25 E 30 ANOS,cf6683bf73ec4a07a7e1e00f558d7088
2025-06-01,F,27.0,MM LIVE STREAMING,DOMINGO,ENTRE 25 E 30 ANOS,9b1a51003c3a8926ba1b6ebc4d6535b6
2025-06-01,M,37.0,MM LIVE STREAMING,DOMINGO,ENTRE 35 E 40 ANOS,db36c8bbf3f2121212665108902b33a8
2025-06-01,F,29.0,MM LIVE STREAMING,VOX,ENTRE 25 E 30 ANOS,ea72a745d08c64aa1be9189f767f1b14
2025-06-01,F,23.0,MM LIVE STREAMING,VOX,ENTRE 20 E 25 ANOS,76d57164a4a814ceb3cf336b6cb645a7
2025-06-01,M,18.0,MM LIVE STREAMING,VOX,ENTRE 15 E 20 ANOS,d89d0eb62e1b38ec0333f1fddcb92c6c
2025-06-01,F,25.0,MM LIVE STREAMING,VOX,ENTRE 25 E 30 ANOS,d66ee68e8ffb0bb81756e50c80b2ed8c
2025-06-01,F,35.0,MM LIVE STREAMING,DOMINGO,ENTRE 35 E 40 ANOS,7222710fb37e2b60f244d201c39044a3
2025-06-01,F,29.0,MM LIVE STREAMING,EKLEKTOS,ENTRE 25 E 30 ANOS,03149273f3df2b26c35dceb2e50947e8
2025-06-01,F,25.0,MM LIVE STREAMING,DOMINGO,ENTRE 25 E 30 ANOS,85751491d98b57b37c837202defd984b
2025-06-01,F,40.0,MM LIVE STREAMING,DOMINGO,ENTRE 40 E 45 ANOS,489d8cc38adc5828cb277b3e6b6af2f4
2025-06-01,F,32.0,MM LIVE STREAMING,DOMINGO,ENTRE 30 E 35 ANOS,c1d546d07112058fb4d2b8984acee8ea
2025-06-01,F,34.0,MM LIVE STREAMING,DOMINGO,ENTRE 30 E 35 ANOS,5db9287e3bc22c1eefdb24e05a42f9b4
2025-06-01,M,27.0,MM LIVE STREAMING,DOMINGO,ENTRE 25 E 30 ANOS,d6764344592b8f517b544d8fba03564e
2025-06-01,F,22.0,MM MÍDIAS,VOX,ENTRE 20 E 25 ANOS,dcd443222feeb3f6e45acf15ec9fe9c2
2025-06-01,F,24.0,MM FOTOGRAFIA,VOX,ENTRE 20 E 25 ANOS,d5eef44478a27f9687d5577c7343928a
2025-06-01,F,24.0,MM SOM,VOX,ENTRE 20 E 25 ANOS,853ec95e0ad23b88a93c38c4eaf99ddb
2025-06-01,M,40.0,MM SOM,DOMINGO,ENTRE 40 E 45 ANOS,21c1462fb54bfe463727e3cad03b4640
2025-06-01,F,21.0,MM SOM,VOX,ENTRE 20 E 25 ANOS,a4a1d3f9cc05da805044030118e31d53
2025-06-01,M,32.0,MM SOM,DOMINGO,ENTRE 30 E 35 ANOS,38862b1c5af93df06a04b55573ba7216
2025-06-01,M,35.0,MM SOM,Não informado,ENTRE 35 E 40 ANOS,abf61b3cf479ee60bd6262475ccc5189
2025-06-01,F,24.0,MM SOM,Não informado,ENTRE 20 E 25 ANOS,f41c712db9567d183485ff810dfb4a7e
2025-06-01,F,31.0,OP ACESSIBILIDADE,DOMINGO,ENTRE 30 E 35 ANOS,868781a1c633fbe21b02aae5bde9c17b
2025-06-01,M,31.0,OP ACESSIBILIDADE,DOMINGO,ENTRE 30 E 35 ANOS,1164872ab3b5939bd35866fc8c0c6ef8
2025-06-01,F,42.0,OP ACESSIBILIDADE,DOMINGO,ENTRE 40 E 45 ANOS,eb9f057f63d15e65276784a3baba854c
2025-06-01,F,31.0,OP ACESSIBILIDADE,DOMINGO,ENTRE 30 E 35 ANOS,17833621c399c543321ee74c4db9ecc9
2025-06-01,F,52.0,OP ACESSIBILIDADE,DOMINGO,ENTRE 50 E 55 ANOS,a69ec532424d419c074443db465e5a27
2025-06-01,M,45.0,OP ACESSIBILIDADE,DOMINGO,ENTRE 45 E 50 ANOS,7b2b38a99b733058abcd3a82a6f85530
2025-06-01,F,55.0,OP ACESSIBILIDADE,DOMINGO,ENTRE 55 E 60 ANOS,a8b92e69ac7a253be6415e2e398ecfa1
2025-06-01,F,47.0,OP ACESSIBILIDADE,DOMINGO,ENTRE 45 E 50 ANOS,70c03a72995b1a4e86e6ca42d7ff2350
2025-06-01,M,44.0,OP APOIO,DOMINGO,ENTRE 40 E 45 ANOS,5ab60b7bf481c63bd795c91a671f7690
2025-06-01,F,28.0,OP APOIO,DOMINGO,ENTRE 25 E 30 ANOS,e9de3ca02823cece895d93d2a1c46730
2025-06-01,F,21.0,OP APOIO,VOX,ENTRE 20 E 25 ANOS,4870b3c1616b88a47e81da2528ebb136
2025-06-01,F,22.0,OP APOIO,DOMINGO,ENTRE 20 E 25 ANOS,faf3983e86366a6c8fcd930e4189bb2e
2025-06-01,F,30.0,OP APOIO,EKLEKTOS,ENTRE 30 E 35 ANOS,2c1c6a4b9e00c1d59008b23e32e588ce
2025-06-01,M,43.0,OP APOIO,DOMINGO,ENTRE 40 E 45 ANOS,cee475aeb72ea096c46161ff37883cb2
2025-06-01,F,45.0,OP APOIO,DOMINGO,ENTRE 45 E 50 ANOS,981ab6183d679b5e8e4f9b96e975f7e8
2025-06-01,F,21.0,OP APOIO,DOMINGO,ENTRE 20 E 25 ANOS,ebb7be4ef846067bf546c3acfc5ad23b
2025-06-01,F,23.0,OP APOIO,EKLEKTOS,ENTRE 20 E 25 ANOS,db1d544eb1881150ebc5f9c891dbc669
2025-06-01,M,57.0,OP APOIO,DOMINGO,ENTRE 55 E 60 ANOS,2a7b4661a38ed060232d61163a1e01d9
2025-06-01,F,41.0,OP APOIO,DOMINGO,ENTRE 40 E 45 ANOS,07488e0c9667882afd0067baf73d2491
2025-06-01,M,33.0,OP APOIO,EKLEKTOS,ENTRE 30 E 35 ANOS,94217746e538e5bad42ab25b125d4622
2025-06-01,M,43.0,OP APOIO,EKLEKTOS,ENTRE 40 E 45 ANOS,4322edcef790864049a3a49ecd1ec74a
2025-06-01,M,30.0,OP APOIO,DOMINGO,ENTRE 30 E 35 ANOS,6ee2ec3ee86f840552e8abf4de19298e
2025-06-01,F,20.0,OP APOIO,DOMINGO,ENTRE 20 E 25 ANOS,577ade6864e835d91cd78f799e0ca142
2025-06-01,F,29.0,OP APOIO,DOMINGO,ENTRE 25 E 30 ANOS,683e1300a8a61990749be92a32b22754
2025-06-01,F,31.0,OP APOIO,EKLEKTOS,ENTRE 30 E 35 ANOS,ef1774899fc950e2a8b61e32f738d007
2025-06-01,F,30.0,OP APOIO,EKLEKTOS,ENTRE 30 E 35 ANOS,e4e2daf021b3323c88684df1f7723d3d
2025-06-01,M,28.0,OP APOIO,VOX,ENTRE 25 E 30 ANOS,7948bfecbfbd86983e0906a801ed9f68
2025-06-01,M,38.0,OP APOIO,DOMINGO,ENTRE 35 E 40 ANOS,2b2541dede979300d315c78e07d7047a
2025-06-01,F,40.0,OP COOKING,DOMINGO,ENTRE 40 E 45 ANOS,3361bc3bb1c7274ab38d1318ff27997c
2025-06-01,F,44.0,OP COOKING,EKLEKTOS,ENTRE 40 E 45 ANOS,3e6ff14d8ca05d832fec704d4d14b258
2025-06-01,F,28.0,OP COOKING,DOMINGO,ENTRE 25 E 30 ANOS,8d95ed2f945baefccd53cb1c17f735b8
2025-06-01,F,33.0,OP COOKING,DOMINGO,ENTRE 30 E 35 ANOS,fe47815c0c390315ede63aa6a14beb7b
2025-06-01,M,23.0,OP LOGÍSTICA,DOMINGO,ENTRE 20 E 25 ANOS,5ab6f20177779c244f03c95f75b2cd6f
2025-06-01,F,33.0,OP LOGÍSTICA,EKLEKTOS,ENTRE 30 E 35 ANOS,2e4794d014650c717b6d569064c0bfaf
2025-06-01,M,20.0,OP LOGÍSTICA,DOMINGO,ENTRE 20 E 25 ANOS,6ccbb2edece59e39a185734d0d0d88b8
2025-06-01,M,31.0,OP LOGÍSTICA,EKLEKTOS,ENTRE 30 E 35 ANOS,9be2aa5982cc7652b1095bfca0d4b45e
2025-06-01,M,44.0,OP LOGÍSTICA,DOMINGO,ENTRE 40 E 45 ANOS,48448ad24cbd0f1eeb99626152f9e818
2025-06-01,Não informado,34.0,OP LOGÍSTICA,EKLEKTOS,ENTRE 30 E 35 ANOS,f947fd850eb2043a1c8b1c6e819972c0
2025-06-01,M,42.0,OP LOGÍSTICA,DOMINGO,ENTRE 40 E 45 ANOS,ae55f983b7541991c411c45d23900881
2025-06-01,F,40.0,OP LOGÍSTICA,DOMINGO,ENTRE 40 E 45 ANOS,07505cf6e6279f8ae24e4299a0fe6fff
2025-06-01,M,62.0,OP RECEPÇÃO,DOMINGO,ACIMA DE 60 ANOS,8f67b03fc290d534efafd16049dbde31
2025-06-01,F,39.0,OP RECEPÇÃO,DOMINGO,ENTRE 35 E 40 ANOS,23e3e54f93cff5b1ec1a0c67380a94fb
2025-06-01,F,42.0,OP RECEPÇÃO,DOMINGO,ENTRE 40 E 45 ANOS,0c45b4f62e661cc0f97527850d39f020
2025-06-01,F,37.0,OP RECEPÇÃO,EKLEKTOS,ENTRE 35 E 40 ANOS,cd7841b4f540e5c388a6eb9857adb077
2025-06-01,F,44.0,OP RECEPÇÃO,EKLEKTOS,ENTRE 40 E 45 ANOS,b8e15e06771654e978638f82c0e7db4c
2025-06-01,F,26.0,OP RECEPÇÃO,VOX,ENTRE 25 E 30 ANOS,60aa97a26b705ec6f6c900dcfac66bbe
2025-06-01,F,31.0,OP RECEPÇÃO,EKLEKTOS,ENTRE 30 E 35 ANOS,18d63f489bd2074e3ff8b4870b043bb1
2025-06-01,F,27.0,OP RECEPÇÃO,VOX,ENTRE 25 E 30 ANOS,c1c4d2da0ae5ac8a467b730a5ea0df3d
2025-06-01,F,31.0,OP RECEPÇÃO,EKLEKTOS,ENTRE 30 E 35 ANOS,7fcd691ce5e2de9301318b4b4b97b975
2025-06-01,F,22.0,OP RECEPÇÃO,VOX,ENTRE 20 E 25 ANOS,15b600479cb2c34ae901d7dd3dfa009c
2025-06-01,M,46.0,OP RECEPÇÃO,EKLEKTOS,ENTRE 45 E 50 ANOS,9b93a9de553566cdedaa79339939132a
2025-06-01,F,23.0,OP RECEPÇÃO,DOMINGO,ENTRE 20 E 25 ANOS,0289e1eb02bb2846df31ed0d1b03ab94
2025-06-01,F,35.0,PP GERENCIAMENTO,DOMINGO,ENTRE 35 E 40 ANOS,b9959fedcada75393e59fd71297cbfa6
2025-06-01,F,37.0,PP GERENCIAMENTO,DOMINGO,ENTRE 35 E 40 ANOS,35d1c79ac168605eb0583e36765da63e
2025-06-01,F,31.0,PP GERENCIAMENTO,DOMINGO,ENTRE 30 E 35 ANOS,4fe33072ca2163c41e56de9db4187289
2025-06-01,F,39.0,PP GERENCIAMENTO,EKLEKTOS,ENTRE 35 E 40 ANOS,9b16cc8b7d96c4b75d4c6e10237798a4
2025-06-01,F,38.0,PP GERENCIAMENTO,EKLEKTOS,ENTRE 35 E 40 ANOS,a8eba40aab0fa04a0e5ebea06f184b35
2025-06-01,F,58.0,PP INTEGRACAO,EKLEKTOS,ENTRE 55 E 60 ANOS,09a32e3c2292f3dc2c1e0ade568b249f
2025-06-01,M,25.0,PP INTEGRACAO,VOX,ENTRE 25 E 30 ANOS,988cc1c3ff564cd977fb28b244a9bc90
2025-06-01,F,36.0,PP INTEGRACAO,DOMINGO,ENTRE 35 E 40 ANOS,1046857552583bbfafd9c17c94d4f179
2025-06-01,F,34.0,PP INTEGRACAO,EKLEKTOS,ENTRE 30 E 35 ANOS,82ffdc12f8bf1c8afef0283935c470ec
2025-06-01,F,35.0,Não informado,Não informado,ENTRE 35 E 40 ANOS,8a6373351203d95358aefb535812949a
2025-06-01,F,28.0,Não informado,Não informado,ENTRE 25 E 30 ANOS,a9d1309553c50427767a48581ac208c9
2025-06-01,F,34.0,Não informado,Não informado,ENTRE 30 E 35 ANOS,2f7e7f2b9dc4568b1e7343885b846c1e
2025-04-01,F,29.0,MM BACKSTAGE,EKLEKTOS,ENTRE 25 E 30 ANOS,5db9287e3bc22c1eefdb24e05a42f9b4
2025-04-01,F,34.0,MM COMUNICACAO ,DOMINGO,ENTRE 30 E 35 ANOS,964a536801c6526c16314e9646b221d6
2025-04-01,M,32.0,MM COMUNICACAO ,EKLEKTOS,ENTRE 30 E 35 ANOS,6501ddd83d80a301a8fa31c99b0eebe3
2025-04-01,F,20.0,MM COMUNICACAO ,VOX,ENTRE 20 E 25 ANOS,bc24b86c889b74fd3d651ee9d8f65373
2025-04-01,M,35.0,MM DEVELOPERS,DOMINGO,ENTRE 35 E 40 ANOS,3cf1eea805e6e78416bc21d5e11aeda4
2025-04-01,F,26.0,MM DEVELOPERS,DOMINGO,ENTRE 25 E 30 ANOS,dc865d99b8610b66ae22bc5ee609c067
2025-04-01,M,36.0,MM LIVE STREAMING,EKLEKTOS,ENTRE 35 E 40 ANOS,66ed43358f97c5156c8bfcee62679bab
2025-04-01,M,26.0,MM LIVE STREAMING,VOX,ENTRE 25 E 30 ANOS,9a95bd8adf981abef8cbbad77337e79f
2025-04-01,F,25.0,MM LIVE STREAMING,DOMINGO,ENTRE 25 E 30 ANOS,da4e4bccea587892da135945833b0fd5
2025-04-01,M,23.0,MM LIVE STREAMING,DOMINGO,ENTRE 20 E 25 ANOS,2b5f1081d9e929f26ee053968ea0409b
2025-04-01,M,39.0,MM LIVE STREAMING,DOMINGO,ENTRE 35 E 40 ANOS,c442c40ca222f37d37abea33d76ceb18
2025-04-01,M,44.0,MM LIVE STREAMING,DOMINGO,ENTRE 40 E 45 ANOS,af3b098f912efe6af9266d0e383d75e9
2025-04-01,F,22.0,MM LIVE STREAMING,VOX,ENTRE 20 E 25 ANOS,adb402c177a7b7a7009a41c7161bcf5e
2025-04-01,M,28.0,MM PROJEÇÃO,EKLEKTOS,ENTRE 25 E 30 ANOS,66685979ee11547d7c58a3e103bd1aac
2025-04-01,M,26.0,MM SOM,VOX,ENTRE 25 E 30 ANOS,d3a863d3a28df3404d3be04b13c0437d
2025-04-01,M,39.0,MM SOM,DOMINGO,ENTRE 35 E 40 ANOS,4543729f3c0096211b46123ab6bf8ca8
2025-04-01,M,32.0,MM SOM,DOMINGO,ENTRE 30 E 35 ANOS,c56bea1dcb97baa10d1e30eb78a16ca3
2025-04-01,M,39.0,MM TÉCNICA,DOMINGO,ENTRE 35 E 40 ANOS,8e13bb65164070c058a6c349ba7749ed
2025-04-01,M,36.0,MM TÉCNICA,DOMINGO,ENTRE 35 E 40 ANOS,b17e0cec48bd5e563fd84e9722b30a92
2025-04-01,F,36.0,MM TÉCNICA,DOMINGO,ENTRE 35 E 40 ANOS,a6fc22876eceb6942b366a0e4db646dc
2025-04-01,M,36.0,MM TÉCNICA,EKLEKTOS,ENTRE 35 E 40 ANOS,68a052fb187723e5f53bffffe7cf052c
2025-04-01,M,35.0,MM TÉCNICA,EKLEKTOS,ENTRE 35 E 40 ANOS,ec038332702cc44aeb18e5a247811078
2025-04-01,M,33.0,MM TÉCNICA,DOMINGO,ENTRE 30 E 35 ANOS,09b598710b43bc76342d275ffd272b4f
2025-04-01,M,31.0,MM TÉCNICA,DOMINGO,ENTRE 30 E 35 ANOS,943bc205d1cbd8c67c289a13f0ba10fa
2025-04-01,M,33.0,MM TÉCNICA,DOMINGO,ENTRE 30 E 35 ANOS,5d2a5d580273154012976e01927e251d
2025-04-01,M,62.0,MM TÉCNICA,DOMINGO,ACIMA DE 60 ANOS,10ef89a9e23a67432bab68ea53f5f772
2025-04-01,F,26.0,OP APOIO,VOX,ENTRE 25 E 30 ANOS,757b83962e52ca39e66dd3ad31accd5f
2025-04-01,F,26.0,OP APOIO,VOX,ENTRE 25 E 30 ANOS,55e82b445d450ea38ea9d5297cd37c2d
2025-04-01,F,34.0,OP APOIO,EKLEKTOS,ENTRE 30 E 35 ANOS,0a4ea7f20b4549bccdccff1f9d64d57b
2025-04-01,M,27.0,OP APOIO,EKLEKTOS,ENTRE 25 E 30 ANOS,96cfdaae837a895724a5e12ebed41d4e
2025-04-01,F,19.0,OP APOIO,VOX,ENTRE 15 E 20 ANOS,831bfb258d3d7f0dcf1ff99390ba0d1d
2025-04-01,F,36.0,OP APOIO,DOMINGO,ENTRE 35 E 40 ANOS,e50158c9a47688dc7c7db2de79d9d2a8
2025-04-01,M,35.0,OP APOIO,DOMINGO,ENTRE 35 E 40 ANOS,83b19febae72c8899651bdb5c4e9ccd0
2025-04-01,F,26.0,OP APOIO,VOX,ENTRE 25 E 30 ANOS,418c7227396288e22111ed462879c923
2025-04-01,M,30.0,OP APOIO,DOMINGO,ENTRE 30 E 35 ANOS,74a3f8547b1c9384515141f23051eaec
2025-04-01,M,40.0,OP APOIO,DOMINGO,ENTRE 40 E 45 ANOS,a2e94e0b611d7ec87c27ab1bab6ae93a
2025-04-01,F,28.0,OP APOIO,DOMINGO,ENTRE 25 E 30 ANOS,91e94e5b6cb15e85713c9d74b4d0413c
2025-04-01,M,47.0,OP APOIO,DOMINGO,ENTRE 45 E 50 ANOS,e5d45dd30e941d0b73ff8e332e94050d
2025-04-01,F,40.0,OP APOIO,DOMINGO,ENTRE 40 E 45 ANOS,dfc8c92bad664358a0dde2a9b81e1720
2025-04-01,F,41.0,OP COOKING,DOMINGO,ENTRE 40 E 45 ANOS,d8886bb421c701fe094a5abbb6844ce7
2025-04-01,F,59.0,OP COOKING,DOMINGO,ENTRE 55 E 60 ANOS,81ae711ac7475fc8bd4765e416f8989f
2025-04-01,F,27.0,OP LOGÍSTICA,EKLEKTOS,ENTRE 25 E 30 ANOS,87fe292bf753055d0bad11277f208106
2025-04-01,M,34.0,OP LOGÍSTICA,EKLEKTOS,ENTRE 30 E 35 ANOS,3fd67cc0d0c6743027ce394884aff8e7
2025-04-01,F,22.0,OP LOGÍSTICA,VOX,ENTRE 20 E 25 ANOS,3873e4911d6b8639c3250978eb846e43
2025-04-01,M,22.0,OP LOGÍSTICA,DOMINGO,ENTRE 20 E 25 ANOS,bc46252c7c95c151f1cd6ff6ac1a4f43
2025-04-01,F,29.0,OP LOGÍSTICA,DOMINGO,ENTRE 25 E 30 ANOS,d833f32efd7f65f2ef02236936fbc720
2025-04-01,M,49.0,OP LOGÍSTICA,DOMINGO,ENTRE 45 E 50 ANOS,e17b7077b5501cb9a08d3733a35035cc
2025-04-01,M,35.0,OP LOGÍSTICA,DOMINGO,ENTRE 35 E 40 ANOS,97b4b4dfc4ab3a40e4bfee8a0d57dd03
2025-04-01,F,20.0,OP LOGÍSTICA,VOX,ENTRE 20 E 25 ANOS,7a317e4228b3c4cf649307605ede162f
2025-04-01,F,27.0,OP LOGÍSTICA,EKLEKTOS,ENTRE 25 E 30 ANOS,18694b87427f44085b4bd09b1e8c2b14
2025-04-01,M,27.0,OP LOGÍSTICA,EKLEKTOS,ENTRE 25 E 30 ANOS,54c8c35fdaeaea6eb5b01afbd425f876
2025-04-01,F,54.0,OP RECEPÇÃO,EKLEKTOS,ENTRE 50 E 55 ANOS,32e6321e84067a5801b1ce6978f05d58
2025-04-01,M,21.0,OP RECEPÇÃO,VOX,ENTRE 20 E 25 ANOS,3146fddee9b07f2ef36fb4af5ed443b0
2025-04-01,M,33.0,OP RECEPÇÃO,EKLEKTOS,ENTRE 30 E 35 ANOS,1ac80bc4d77f1369f5bfbb52d76f610c
2025-04-01,F,27.0,OP RECEPÇÃO,DOMINGO,ENTRE 25 E 30 ANOS,0db543a7b2c83093baeeb219b804452b
2025-04-01,F,22.0,OP RECEPÇÃO,DOMINGO,ENTRE 20 E 25 ANOS,169ac2c6e1b7ebc9cb8d7bc7dd2408f6
2025-04-01,F,29.0,OP RECEPÇÃO,DOMINGO,ENTRE 25 E 30 ANOS,352cacbf432d50e51cb56a402f69a431
2025-04-01,F,24.0,OP RECEPÇÃO,VOX,ENTRE 20 E 25 ANOS,af2ca2c22fb8dd3bb66ca13ca22c0027
2025-04-01,M,47.0,OP RECEPÇÃO,DOMINGO,ENTRE 45 E 50 ANOS,7e7466c1998c735ea641b46090daf349
2025-04-01,F,41.0,OP SALA DE VOLUNTÁRIOS,DOMINGO,ENTRE 40 E 45 ANOS,3432594d4a12a881665b877d62e6cf01
2025-04-01,F,37.0,OP SALA DE VOLUNTÁRIOS,DOMINGO,ENTRE 35 E 40 ANOS,142de7865fd6745c6432c318bfcb134d
2025-04-01,F,42.0,OP SALA DE VOLUNTÁRIOS,DOMINGO,ENTRE 40 E 45 ANOS,6ddb0d5c9c28be7bb85f96ccff4334d9
2025-04-01,F,34.0,OP SALA DE VOLUNTÁRIOS,DOMINGO,ENTRE 30 E 35 ANOS,7bcd3fb2dabcbb2474ea41dec4ef9581
2025-04-01,M,42.0,OP SALA DE VOLUNTÁRIOS,DOMINGO,ENTRE 40 E 45 ANOS,c27cbd85fa7afa46dbca430e1136e79c
2025-04-01,F,43.0,OP SALA DE VOLUNTÁRIOS,DOMINGO,ENTRE 40 E 45 ANOS,b9d846bde8be7762d27c4373f7385796
2025-04-01,F,54.0,OP SALA DE VOLUNTÁRIOS,DOMINGO,ENTRE 50 E 55 ANOS,85a03e555324d6b81720cab70d8cf6db
2025-04-01,F,24.0,OP SALA DE VOLUNTÁRIOS,VOX,ENTRE 20 E 25 ANOS,84461761fd732ca4012f4fd10f760483
2025-04-01,M,64.0,OP SALA DE VOLUNTÁRIOS,DOMINGO,ACIMA DE 60 ANOS,44e51837aa919751a263d2a2aeba8dba
2025-04-01,M,29.0,OP SALA DE VOLUNTÁRIOS,DOMINGO,ENTRE 25 E 30 ANOS,8c77fbf7ffbcce709e7a0cc154c9488a
2025-04-01,M,35.0,OP SALA DE VOLUNTÁRIOS,DOMINGO,ENTRE 35 E 40 ANOS,ec038332702cc44aeb18e5a247811078
2025-04-01,M,37.0,OP SALA DE VOLUNTÁRIOS,EKLEKTOS,ENTRE 35 E 40 ANOS,c69bdf517f7d3bfb60f102033a38f993
2025-04-01,F,32.0,OP SALA DE VOLUNTÁRIOS,DOMINGO,ENTRE 30 E 35 ANOS,b7059920d2fb8826efcd4d37aa4fe03a
2025-04-01,F,28.0,PP GERENCIAMENTO,DOMINGO,ENTRE 25 E 30 ANOS,47c956486ad4f969f2cdc8ec4eeafaf9
2025-04-01,M,41.0,PP GERENCIAMENTO,DOMINGO,ENTRE 40 E 45 ANOS,0967c83fe435cfcbc0c1a2bed263eee5
2025-04-01,F,36.0,PP INTEGRACAO,DOMINGO,ENTRE 35 E 40 ANOS,d40630835ff90977afdbcd7b1d757c80
2025-04-01,F,47.0,PP INTEGRACAO,DOMINGO,ENTRE 45 E 50 ANOS,c33a363a06b2bc84500ec16953153c4c
2025-04-01,M,35.0,PP COMUNICAÇÃO,DOMINGO,ENTRE 35 E 40 ANOS,596f1cd756ae44078866a0f8bd8c664a
2025-04-01,F,22.0,PP COMUNICAÇÃO,DOMINGO,ENTRE 20 E 25 ANOS,4fbfdcb112fa563e078b7ab2bdfe96e7
2025-04-01,M,43.0,PP COMUNICAÇÃO,DOMINGO,ENTRE 40 E 45 ANOS,3aa590a2bf9fb46c742a59076a88e798
2025-04-01,F,,Não informado,DOMINGO,Não informado,d41d8cd98f00b204e9800998ecf8427e
2025-02-01,F,23.0,MM BACKSTAGE,VOX,ENTRE 20 E 25 ANOS,247587d3b3816ade6c686b44ea52a9a3
2025-02-01,M,31.0,MM DESIGN,DOMINGO,ENTRE 30 E 35 ANOS,6bdcaddf2ea125ff05b42ae4b7dd35b8
2025-02-01,M,36.0,MM FOTOGRAFIA,EKLEKTOS,ENTRE 35 E 40 ANOS,98bea98d5fcda11e06ed44f66a892b17
2025-02-01,M,46.0,MM LIVE STREAMING,DOMINGO,ENTRE 45 E 50 ANOS,d3caf5cdd63e25974180edf45d004f68
2025-02-01,F,24.0,MM LIVE STREAMING,DOMINGO,ENTRE 20 E 25 ANOS,c58d897cbe51cea9a248fe0cafc59b17
2025-02-01,F,33.0,MM MÍDIAS,EKLEKTOS,ENTRE 30 E 35 ANOS,a0508f2ba0fe2386000143f1e4d62e24
2025-02-01,M,31.0,MM MÍDIAS,DOMINGO,ENTRE 30 E 35 ANOS,2b75ed39d40ca0c181aa0485d382009d
2025-02-01,F,20.0,MM MÍDIAS,VOX,ENTRE 20 E 25 ANOS,45c57d62af0cbb15fe4b178794ab8c70
2025-02-01,F,28.0,MM MÍDIAS,EKLEKTOS,ENTRE 25 E 30 ANOS,f37d7a14446f317298f8fd95d15b6d4e
2025-02-01,F,31.0,MM MÍDIAS,DOMINGO,ENTRE 30 E 35 ANOS,6c735265b14d1b757c8d59055bfdae85
2025-02-01,F,21.0,MM MÍDIAS,VOX,ENTRE 20 E 25 ANOS,002f2996260ccd0bf2313f2df1cde761
2025-02-01,F,23.0,MM MÍDIAS,VOX,ENTRE 20 E 25 ANOS,2e31f6240f04f3857e5eafaa097454e6
2025-02-01,F,23.0,MM MÍDIAS,VOX,ENTRE 20 E 25 ANOS,8d9a1edcb99dd088d0e0e8fdb35e1e7e
2025-02-01,M,25.0,MM MÍDIAS,EKLEKTOS,ENTRE 25 E 30 ANOS,968e285e3a5124f2736cc2559b045630
2025-02-01,F,27.0,MM MÍDIAS,DOMINGO,ENTRE 25 E 30 ANOS,247dfb46b7068769fa3547a640f92c2a
2025-02-01,M,31.0,MM MÍDIAS,EKLEKTOS,ENTRE 30 E 35 ANOS,7d335fe701faa3c63d95cca5842dd19e
2025-02-01,F,27.0,MM MÍDIAS,DOMINGO,ENTRE 25 E 30 ANOS,5b053d537275a2f8dfa2d4b40a2a0e33
2025-02-01,F,27.0,MM MÍDIAS,EKLEKTOS,ENTRE 25 E 30 ANOS,6e9c01339fcdf05bda02d066ccebf791
2025-02-01,M,41.0,MM PROJEÇÃO,DOMINGO,ENTRE 40 E 45 ANOS,37fadcede5553fc615066ccb0b95ca84
2025-02-01,M,30.0,MM PROJEÇÃO,EKLEKTOS,ENTRE 30 E 35 ANOS,047d3897dbb3f6ebdce7f1f543f23399
2025-02-01,M,34.0,MM SOM,EKLEKTOS,ENTRE 30 E 35 ANOS,7b97265cb6c8fe5a75496bf442171a52
2025-02-01,M,26.0,MM SOM,DOMINGO,ENTRE 25 E 30 ANOS,add5cf3be082273477d4af2b782808d1
2025-02-01,M,30.0,MM TÉCNICA,DOMINGO,ENTRE 30 E 35 ANOS,fae89368e6fb799fe02b74c8f0d8e21e
2025-02-01,M,38.0,MM TÉCNICA,DOMINGO,ENTRE 35 E 40 ANOS,5ba49c4d67a5b859c4c60a11fa243b7f
2025-02-01,M,29.0,OH OHANA BOOKS CAFÉ,EKLEKTOS,ENTRE 25 E 30 ANOS,cac2ca34360696f96c5ab19e843310f5
2025-02-01,F,31.0,OH OHANA BOOKS CAFÉ,EKLEKTOS,ENTRE 30 E 35 ANOS,f55a9787ad7b895eb5f4592b83b7642f
2025-02-01,F,43.0,OH OHANA BOOKS CAFÉ,DOMINGO,ENTRE 40 E 45 ANOS,6241f0143f3f7d95339197a8255cdf66
2025-02-01,F,37.0,OH OHANA BOOKS CAFÉ,DOMINGO,ENTRE 35 E 40 ANOS,55ba93a357901f7ecce127fb7faf600b
2025-02-01,F,32.0,OP APOIO,DOMINGO,ENTRE 30 E 35 ANOS,60ae95c71db2e88f21f431461d0db485
2025-02-01,F,38.0,OP APOIO,DOMINGO,ENTRE 35 E 40 ANOS,6ce03b51d6aee324f9a7aa60622b169f
2025-02-01,F,27.0,OP APOIO,DOMINGO,ENTRE 25 E 30 ANOS,ad7ecd7060af9ee49364f41b80cccdd2
2025-02-01,M,36.0,OP APOIO,DOMINGO,ENTRE 35 E 40 ANOS,93fb7b6588d473fec3814867a2133d54
2025-02-01,M,36.0,OP APOIO,EKLEKTOS,ENTRE 35 E 40 ANOS,8808f641a6037ea65485050602df78fe
2025-02-01,M,33.0,OP APOIO,DOMINGO,ENTRE 30 E 35 ANOS,2d959ad61ab4f49b7376787b15724d90
2025-02-01,F,23.0,OP APOIO,DOMINGO,ENTRE 20 E 25 ANOS,ce6da10dbea758e3ae5f1b2b0f2e773b
2025-02-01,F,41.0,OP APOIO,DOMINGO,ENTRE 40 E 45 ANOS,6540f2a69b499696f4a847c03c5b73b2
2025-02-01,F,26.0,OP APOIO,DOMINGO,ENTRE 25 E 30 ANOS,88c1ecf918fe92300fdef4399b011ff9
2025-02-01,F,27.0,OP APOIO,DOMINGO,ENTRE 25 E 30 ANOS,6c68576ed35b8adea982789cd5eed260
2025-02-01,F,24.0,OP APOIO,VOX,ENTRE 20 E 25 ANOS,046a26c912296305e3baabaf56bce760
2025-02-01,F,24.0,OP APOIO,VOX,ENTRE 20 E 25 ANOS,6e0e0c5be5aa424673c2aee436612178
2025-02-01,F,29.0,OP APOIO,DOMINGO,ENTRE 25 E 30 ANOS,cb71e9d451ccf0d9e38f56fd1921514b
2025-02-01,F,30.0,OP APOIO,EKLEKTOS,ENTRE 30 E 35 ANOS,2a7a30092c0e6e8f711c1e40fd82a99a
2025-02-01,F,46.0,OP APOIO,DOMINGO,ENTRE 45 E 50 ANOS,f02a8f9170db1d1ded15d7a33896401a
2025-02-01,M,29.0,OP APOIO,VOX,ENTRE 25 E 30 ANOS,8bace0b917ade85947a21ae215fd72b2
2025-02-01,F,29.0,OP LOGÍSTICA,EKLEKTOS,ENTRE 25 E 30 ANOS,97e601232cfdcb29d5c1215569a83057
2025-02-01,F,29.0,OP RECEPÇÃO,DOMINGO,ENTRE 25 E 30 ANOS,64ed9b807dab6aa0c0309e3fdf670ab8
2025-02-01,M,46.0,OP RECEPÇÃO,DOMINGO,ENTRE 45 E 50 ANOS,c4a4fc40500943c897af9c8d8872098b
2025-02-01,F,39.0,OP RECEPÇÃO,EKLEKTOS,ENTRE 35 E 40 ANOS,c1e969e9988dee7d164ba645535309c0
2025-02-01,F,41.0,OP RECEPÇÃO,DOMINGO,ENTRE 40 E 45 ANOS,bfff6987436d447d2b5dadc59f048c9c
2025-02-01,M,27.0,OP RECEPÇÃO,VOX,ENTRE 25 E 30 ANOS,710e17de33ee36557f9fba6b1a61ada5
2025-02-01,M,33.0,OP RECEPÇÃO,DOMINGO,ENTRE 30 E 35 ANOS,804fa71f896f485ed1f127b6c5b89a01
2025-02-01,M,34.0,OP RECEPÇÃO,DOMINGO,ENTRE 30 E 35 ANOS,9059a90a39ab6fa7cc4fcf873afc088a
2025-02-01,F,28.0,OP RECEPÇÃO,DOMINGO,ENTRE 25 E 30 ANOS,4f258d76e5dff251f8e1dd9fd62a48de
2025-02-01,F,22.0,OP RECEPÇÃO,DOMINGO,ENTRE 20 E 25 ANOS,4cb079b57191c5d0f4e395e6f9951295
2025-02-01,F,36.0,OP RECEPÇÃO,DOMINGO,ENTRE 35 E 40 ANOS,6c6288b29caaf869e9eb81d6650dbb6e
2025-02-01,F,21.0,OP RECEPÇÃO,DOMINGO,ENTRE 20 E 25 ANOS,7c7a1a8b0d32d4584fc57560292d0c3c
2025-02-01,M,52.0,OP RECEPÇÃO,DOMINGO,ENTRE 50 E 55 ANOS,37e9dd7fa6deb1415181d21e072d1877
2025-02-01,F,27.0,OP RECEPÇÃO,DOMINGO,ENTRE 25 E 30 ANOS,4fc667d96ba55ef39c43d321f24e2024
2025-02-01,M,24.0,OP RECEPÇÃO,DOMINGO,ENTRE 20 E 25 ANOS,dded4ffa74758715765236a64fc9141f
2025-02-01,M,44.0,OP SALA DE VOLUNTÁRIOS,DOMINGO,ENTRE 40 E 45 ANOS,766a74d9f5e2c06b3a91ab3e968be037
2025-02-01,F,34.0,PP GERENCIAMENTO,Não informado,ENTRE 30 E 35 ANOS,d7e3e979603490b81a4907149afbceab
2025-02-01,F,30.0,PP GERENCIAMENTO,Não informado,ENTRE 30 E 35 ANOS,4799065e883ea5234d449d3714a1cf19
2025-02-01,M,31.0,PP GERENCIAMENTO,DOMINGO,ENTRE 30 E 35 ANOS,84ce3dd9fbaf23a8cf9d0fea0c08cf85
2025-02-01,M,24.0,PP INTEGRACAO,Não informado,ENTRE 20 E 25 ANOS,d73046294257d05a210c7e8206a0ea75
2025-02-01,F,34.0,PP INTEGRACAO,DOMINGO,ENTRE 30 E 35 ANOS,5f7f56adf93158a62d86502d6f7f96ee
2025-02-01,M,21.0,PP INTEGRACAO,DOMINGO,ENTRE 20 E 25 ANOS,5a47b39c7f84b7bc6321c118f06ec0bf
2025-02-01,M,28.0,PP INTEGRACAO,DOMINGO,ENTRE 25 E 30 ANOS,1f27715a09acb9b120d69fc563be4881
2025-02-01,F,19.0,PP INTEGRACAO,Não informado,ENTRE 15 E 20 ANOS,60a8f93641b92be7a2cbb35a28f2fdf7
2025-02-01,F,46.0,PP INTEGRACAO,DOMINGO,ENTRE 45 E 50 ANOS,29950c365e1a3223f9eb004f82ce30c2
2025-02-01,M,45.0,MM COMUNICACAO VOX,EKLEKTOS,ENTRE 45 E 50 ANOS,6bdcaddf2ea125ff05b42ae4b7dd35b8
2024-12-01,F,35.0,DISPONÍVEL,DOMINGO,ENTRE 35 E 40 ANOS,9172b2310d20ee6dc4e0375fbee4e823
2024-12-01,F,27.0,MM BACKSTAGE,VOX,ENTRE 25 E 30 ANOS,a7376465e28b182b7709c11bbab6ecbd
2024-12-01,F,26.0,MM COMUNICACAO VOX,VOX,ENTRE 25 E 30 ANOS,033e20f069562d430c1f2243133b184a
2024-12-01,M,29.0,MM DESIGN,EKLEKTOS,ENTRE 25 E 30 ANOS,d9abac19af7edfda32bcbeef55530857
2024-12-01,F,29.0,MM DEVELOPERS,DOMINGO,ENTRE 25 E 30 ANOS,7ea3bf7a61b29237c7daa06d18effeb6
2024-12-01,M,48.0,MM FOTOGRAFIA,DOMINGO,ENTRE 45 E 50 ANOS,c4e60ef5f300e761c2bddb654ccdb193
2024-12-01,M,29.0,MM FOTOGRAFIA,DOMINGO,ENTRE 25 E 30 ANOS,cb3228253f2ebc0a3ce0143f642b6f64
2024-12-01,M,21.0,MM MÍDIAS,DOMINGO,ENTRE 20 E 25 ANOS,48890f132c6b77b9b3afd40a0fe00384
2024-12-01,F,33.0,MM MÍDIAS,EKLEKTOS,ENTRE 30 E 35 ANOS,8832b423dfd72964d33e8e6b3850555a
2024-12-01,F,29.0,MM SOM,DOMINGO,ENTRE 25 E 30 ANOS,fb136b8aaff5b82442a4cc6685a59edb
2024-12-01,F,38.0,MM SOM,DOMINGO,ENTRE 35 E 40 ANOS,c08c21e802a4c786ae0d7ddbe9b02280
2024-12-01,M,33.0,MM TÉCNICA,DOMINGO,ENTRE 30 E 35 ANOS,60c81e306ce9edf2ce0f16a6aa21e4c1
2024-12-01,F,29.0,MM TÉCNICA,DOMINGO,ENTRE 25 E 30 ANOS,bfd99c7b70e283611de3a9899bc75bf8
2024-12-01,F,59.0,OH OHANA BOOKS CAFÉ,DOMINGO,ENTRE 55 E 60 ANOS,4dcc50d2106ddd999953355c16a805ec
2024-12-01,M,63.0,OH OHANA BOOKS CAFÉ,DOMINGO,ACIMA DE 60 ANOS,df12a5e33cea8d75eafe38c30a874d95
2024-12-01,F,27.0,OH OHANA BOOKS CAFÉ,DOMINGO,ENTRE 25 E 30 ANOS,345478bf08f3aa1cf25ca34eadbc39da
2024-12-01,F,36.0,OH OHANA BOOKS CAFÉ,DOMINGO,ENTRE 35 E 40 ANOS,c794915fcb423775da3a374ad92f5313
2024-12-01,F,24.0,OH OHANA BOOKS CAFÉ,VOX,ENTRE 20 E 25 ANOS,7ecd1706014290daf4af04e2105f92d0
2024-12-01,F,32.0,OP APOIO,EKLEKTOS,ENTRE 30 E 35 ANOS,6c754717ef66c35b7deb1e7a64249ccf
2024-12-01,M,50.0,OP APOIO,EKLEKTOS,ENTRE 50 E 55 ANOS,f00432e1683b45fb18b85c98473078d3
2024-12-01,F,40.0,OP APOIO,DOMINGO,ENTRE 40 E 45 ANOS,71040d27e8703148f940f37d4639e67e
2024-12-01,F,66.0,OP APOIO,DOMINGO,ACIMA DE 60 ANOS,ea5092f37b35f68a17cdf0b04eccfd45
2024-12-01,M,33.0,OP LOGÍSTICA,EKLEKTOS,ENTRE 30 E 35 ANOS,9b6b12f52f67e625529e17bee21d0f39
2024-12-01,M,32.0,OP LOGÍSTICA,DOMINGO,ENTRE 30 E 35 ANOS,709c77f78792e619928ddcb23e9c812f
2024-12-01,M,25.0,OP LOGÍSTICA,VOX,ENTRE 25 E 30 ANOS,8878f502cf38a5a1291da081bef13a20
2024-12-01,M,29.0,OP LOGÍSTICA,DOMINGO,ENTRE 25 E 30 ANOS,7a07a35f737c0a2b22b31e861a63da79
2024-12-01,F,36.0,OP RECEPÇÃO,DOMINGO,ENTRE 35 E 40 ANOS,4ec8f991bed283f46dfd248de062570e
2024-12-01,F,28.0,OP RECEPÇÃO,DOMINGO,ENTRE 25 E 30 ANOS,a15ae10b03cac0a3cf7eac422fb464fb
2024-12-01,F,24.0,OP RECEPÇÃO,DOMINGO,ENTRE 20 E 25 ANOS,4b9c3bd6ca9d12385b65706006fe039e
2024-12-01,M,19.0,OP RECEPÇÃO,DOMINGO,ENTRE 15 E 20 ANOS,becd3a0646ddf5b64bd4b94b70bc45bc
2024-12-01,F,23.0,OP SALA DE VOLUNTÁRIOS,DOMINGO,ENTRE 20 E 25 ANOS,a5921352d76bb371e9e93249afdecd29
2024-12-01,F,32.0,OP SALA DE VOLUNTÁRIOS,DOMINGO,ENTRE 30 E 35 ANOS,9edc69ca1fac82d6da213e81cae31d5a
2024-12-01,F,22.0,OP SALA DE VOLUNTÁRIOS,DOMINGO,ENTRE 20 E 25 ANOS,76a1e35cbaa7096919086b29ab5b05e6
2024-12-01,F,32.0,OP SALA DE VOLUNTÁRIOS,DOMINGO,ENTRE 30 E 35 ANOS,4b9b9208df18ccae709df0713d0b416b
2024-12-01,M,35.0,OP SALA DE VOLUNTÁRIOS,DOMINGO,ENTRE 35 E 40 ANOS,5daccb4dfd4e5e478175c36c0a25397c
2024-12-01,F,40.0,PP GERENCIAMENTO,DOMINGO,ENTRE 40 E 45 ANOS,529974b235270af380be8177706ba203
2024-12-01,F,37.0,PP INTEGRACAO,DOMINGO,ENTRE 35 E 40 ANOS,6791b2520705f44001bbf607a8b75bf9
2024-10-01,F,39.0,MM BACKSTAGE,DOMINGO,ENTRE 35 E 40 ANOS,4a515e1ffa7cb6eb0010e1f9f2faabe4
2024-10-01,F,22.0,MM BACKSTAGE,VOX,ENTRE 20 E 25 ANOS,d2bfdd7cfafb45d2fcace89ad3437306
2024-10-01,F,26.0,MM BACKSTAGE,VOX,ENTRE 25 E 30 ANOS,26e514b39bfb38f047d58d88fc56626f
2024-10-01,F,26.0,MM DESIGN,VOX,ENTRE 25 E 30 ANOS,ae6b5ddda0755f42f8cb11650ecc62c7
2024-10-01,F,29.0,MM DESIGN,DOMINGO,ENTRE 25 E 30 ANOS,26f0df8efb0327d6ad421489213e6733
2024-10-01,F,36.0,MM FOTOGRAFIA,DOMINGO,ENTRE 35 E 40 ANOS,2b4ee8934b635f0df7689a57c07b3fa4
2024-10-01,M,48.0,MM FOTOGRAFIA,DOMINGO,ENTRE 45 E 50 ANOS,e39885c84d2bf63fd3c4b945d4671d4f
2024-10-01,M,31.0,MM FOTOGRAFIA,DOMINGO,ENTRE 30 E 35 ANOS,f9a9749a41efd10c43f312fc6325ae94
2024-10-01,F,26.0,MM FOTOGRAFIA,VOX,ENTRE 25 E 30 ANOS,e330776948310e39781b8236d188b0f3
2024-10-01,F,24.0,MM FOTOGRAFIA,VOX,ENTRE 20 E 25 ANOS,382e560b6b9295ddae63d5ff5bbc64db
2024-10-01,F,40.0,MM FOTOGRAFIA,DOMINGO,ENTRE 40 E 45 ANOS,cfe4f60345e16be64ae18786c2affe5a
2024-10-01,M,26.0,MM LIVE STREAMING,VOX,ENTRE 25 E 30 ANOS,a2f1f6aa57c5ca9af735b2eae93421f8
2024-10-01,M,38.0,MM LIVE STREAMING,DOMINGO,ENTRE 35 E 40 ANOS,95bb4740d5f4df2acda1082309747364
2024-10-01,M,25.0,MM LIVE STREAMING,DOMINGO,ENTRE 25 E 30 ANOS,56bc1d29727e20818ef25e5ad351c82d
2024-10-01,F,42.0,MM MÍDIAS,DOMINGO,ENTRE 40 E 45 ANOS,d387fffdf649581646a85d6b84cf832c
2024-10-01,F,39.0,MM MÍDIAS,DOMINGO,ENTRE 35 E 40 ANOS,e219aea7c77d526013f154baf417d2f6
2024-10-01,F,25.0,MM MÍDIAS,DOMINGO,ENTRE 25 E 30 ANOS,abf4e113d13c99a40a0d5360d109e475
2024-10-01,M,27.0,OP APOIO,VOX,ENTRE 25 E 30 ANOS,c6b404ccd60c7ee40c9e3c253df15141
2024-10-01,M,45.0,MM SOM,DOMINGO,ENTRE 45 E 50 ANOS,ef22db2b367dfe455f466f21eb887877
2024-10-01,M,38.0,MM SOM,DOMINGO,ENTRE 35 E 40 ANOS,9fdb64c18e70431fd4b1ac4f4a98f8e7
2024-10-01,M,39.0,MM SOM,DOMINGO,ENTRE 35 E 40 ANOS,a4bae9b90af7f1d0afd8b2ea20b9d6e8
2024-10-01,M,27.0,MM TÉCNICA,VOX,ENTRE 25 E 30 ANOS,9c94b97379280d22371b89076fb59907
2024-10-01,M,37.0,MM TÉCNICA,DOMINGO,ENTRE 35 E 40 ANOS,b01a5446890c79f64fdfd76293f1bf8e
2024-10-01,F,20.0,MM LIVE STREAMING,VOX,ENTRE 20 E 25 ANOS,89e6aaf433d4f40176a9acbc122eb5ec
2024-10-01,M,26.0,MM TÉCNICA,DOMINGO,ENTRE 25 E 30 ANOS,b3c97a35fb7e0d4bd4fc5d588ce2c05a
2024-10-01,F,35.0,OH OHANA BOOKS CAFÉ,DOMINGO,ENTRE 35 E 40 ANOS,953628e7e677a4db806dad40b3479f59
2024-10-01,M,33.0,OH OHANA BOOKS CAFÉ,EKLEKTOS,ENTRE 30 E 35 ANOS,ae2f83cfa464abde884d7d09f7d5ee7d
2024-10-01,F,41.0,OH OHANA BOOKS CAFÉ,DOMINGO,ENTRE 40 E 45 ANOS,d31c0f43720eb09f98d3486f0ce11b2e
2024-10-01,F,33.0,OH OHANA BOOKS CAFÉ,DOMINGO,ENTRE 30 E 35 ANOS,d5bfc4446bc1e2179f253c88db20c681
2024-10-01,F,34.0,OH OHANA BOOKS CAFÉ,DOMINGO,ENTRE 30 E 35 ANOS,86d06262bf6f705cee3b2e63f7922c34
2024-10-01,F,34.0,OH OHANA BOOKS CAFÉ,DOMINGO,ENTRE 30 E 35 ANOS,ffd5e4db8e531ba5a4c069b8a3a16a06
2024-10-01,F,48.0,OH OHANA BOOKS CAFÉ,DOMINGO,ENTRE 45 E 50 ANOS,c3aa98196e7eaa60b4738958f7edaac2
2024-10-01,M,30.0,OH OHANA BOOKS CAFÉ,DOMINGO,ENTRE 30 E 35 ANOS,4e073a9081742cc3efdc35eb2b9c482a
2024-10-01,F,30.0,OP RECEPÇÃO,DOMINGO,ENTRE 30 E 35 ANOS,1b406e50736dcde75cbc24659a39e865
2024-10-01,F,25.0,OH OHANA BOOKS CAFÉ,DOMINGO,ENTRE 25 E 30 ANOS,da4ccad5060d784ee374bd775cbce3a4
2024-10-01,M,54.0,OP RECEPÇÃO,DOMINGO,ENTRE 50 E 55 ANOS,d11975e3edec2ef160ee2dab6daea0ef
2024-10-01,F,24.0,OH OHANA BOOKS CAFÉ,DOMINGO,ENTRE 20 E 25 ANOS,3b616c26310f6deded8fffbb9e63b1c2
2024-10-01,F,29.0,OP APOIO,DOMINGO,ENTRE 25 E 30 ANOS,73dcde06ee7e4bcf580a1740ff7e6edf
2024-10-01,F,27.0,OH OHANA BOOKS CAFÉ,EKLEKTOS,ENTRE 25 E 30 ANOS,b1f72a52b391f2be4ab989961fbded65
2024-10-01,F,29.0,OH OHANA BOOKS CAFÉ,DOMINGO,ENTRE 25 E 30 ANOS,5ed60a38608f6f6ec3fea4c2c3fad99d
2024-10-01,F,28.0,OH OHANA BOOKS CAFÉ,DOMINGO,ENTRE 25 E 30 ANOS,39b3e582c08255ebdc40c259750b732a
2024-10-01,F,60.0,OH OHANA BOOKS CAFÉ,DOMINGO,ACIMA DE 60 ANOS,576c2fc62a6a7ca0047dce8cf1d14eab
2024-10-01,F,22.0,OH OHANA BOOKS CAFÉ,DOMINGO,ENTRE 20 E 25 ANOS,28a6e55c79594fd4752b3f6e0ef649e0
2024-10-01,F,34.0,MM LIVE STREAMING,DOMINGO,ENTRE 30 E 35 ANOS,fe0c950a7516047578e3d2d5bc775448
2024-10-01,F,31.0,OP APOIO,DOMINGO,ENTRE 30 E 35 ANOS,6b3759182789241ff808721327d14539
2024-10-01,F,26.0,OP APOIO,DOMINGO,ENTRE 25 E 30 ANOS,c4a44e38c608fee4e74fb0b4b2204651
2024-10-01,M,35.0,OP APOIO,DOMINGO,ENTRE 35 E 40 ANOS,6bb8fbce6330cfe58907997d685292e7
2024-10-01,F,20.0,PP GERENCIAMENTO,DOMINGO,ENTRE 20 E 25 ANOS,0202996a5f6cd6922188d7997ae9afa4
2024-10-01,F,20.0,OP APOIO,RISE,ENTRE 20 E 25 ANOS,8c667e51cbba2e80c68187ab98e17f34
2024-10-01,M,26.0,OP APOIO,EKLEKTOS,ENTRE 25 E 30 ANOS,94997791874b9d485fb6029895bd03fa
2024-10-01,M,14.0,OP APOIO,DOMINGO,ENTRE 10 E 15 ANOS,8b07b966da0175bf855f7f87bc9331dd
2024-10-01,F,31.0,OP APOIO,DOMINGO,ENTRE 30 E 35 ANOS,aff0421255da1a075b733bf82bda9e1e
2024-10-01,M,21.0,OP APOIO,DOMINGO,ENTRE 20 E 25 ANOS,4837960b193d48ff0d238588d614efc5
2024-10-01,F,46.0,OP APOIO,DOMINGO,ENTRE 45 E 50 ANOS,10a8d4491ea5360ea78449731a30300a
2024-10-01,F,35.0,OP APOIO,DOMINGO,ENTRE 35 E 40 ANOS,7d69353b00653e2a45d56add58caa23c
2024-10-01,F,35.0,OP LOGÍSTICA,DOMINGO,ENTRE 35 E 40 ANOS,6074376fc1f65e0d3d4d816344aa31fc
2024-10-01,M,23.0,OP LOGÍSTICA,DOMINGO,ENTRE 20 E 25 ANOS,61a885136c6d3827a1b61cc56c1e5bcf
2024-10-01,M,22.0,OP LOGÍSTICA,VOX,ENTRE 20 E 25 ANOS,9057d9f493a43ae2bec19bd75b7e80f9
2024-10-01,F,33.0,OP LOGÍSTICA,DOMINGO,ENTRE 30 E 35 ANOS,43416856ccff614fccc6265d6b2ee55d
2024-10-01,M,28.0,OP LOGÍSTICA,DOMINGO,ENTRE 25 E 30 ANOS,8d7edc926aac0f8a65249d7d6230c1b8
2024-10-01,M,21.0,OP LOGÍSTICA,VOX,ENTRE 20 E 25 ANOS,cff32f192c168fa39123634c09f8a3d8
2024-10-01,M,36.0,OP LOGÍSTICA,DOMINGO,ENTRE 35 E 40 ANOS,8223c189e8de6c1afd48a7263be41bfe
2024-10-01,M,32.0,OP RECEPÇÃO,DOMINGO,ENTRE 30 E 35 ANOS,736735bb190fc13568254cc5147f719f
2024-10-01,F,43.0,OP RECEPÇÃO,DOMINGO,ENTRE 40 E 45 ANOS,84dd7959531d0245191a82335a5246e2
2024-10-01,F,26.0,OP RECEPÇÃO,VOX,ENTRE 25 E 30 ANOS,cb762477bc487352146f56f7d450ad69
2024-10-01,F,24.0,OP RECEPÇÃO,VOX,ENTRE 20 E 25 ANOS,43251b59eeaee468bac87c8ce7e0f97b
2024-10-01,F,27.0,OP RECEPÇÃO,VOX,ENTRE 25 E 30 ANOS,05cf761edaf174635f42290f78581632
2024-10-01,M,31.0,OP RECEPÇÃO,DOMINGO,ENTRE 30 E 35 ANOS,42d63da177358be321b63dd9daaeb106
2024-10-01,F,43.0,OP RECEPÇÃO,DOMINGO,ENTRE 40 E 45 ANOS,befd0e9e7ab28904d083964e1ea75431
2024-10-01,F,34.0,OP RECEPÇÃO,EKLEKTOS,ENTRE 30 E 35 ANOS,24162d580f58bf5573a11398f32eb605
2024-10-01,M,19.0,OP RECEPÇÃO,VOX,ENTRE 15 E 20 ANOS,0eb53d740e7a3bcdd9870356174e29f1
2024-10-01,M,38.0,OP RECEPÇÃO,DOMINGO,ENTRE 35 E 40 ANOS,17fcede7449900ff736101bebda4a5fe
2024-10-01,F,35.0,OP RECEPÇÃO,DOMINGO,ENTRE 35 E 40 ANOS,6e4f43be713702f298442810dfbdf7a2
2024-10-01,F,33.0,OP RECEPÇÃO,DOMINGO,ENTRE 30 E 35 ANOS,5bb1adf8742aebadfa7a29306b93be11
2024-10-01,M,26.0,OP RECEPÇÃO,VOX,ENTRE 25 E 30 ANOS,9c2484d2684815c3dc02c3581f9c65be
2024-10-01,M,19.0,OP RECEPÇÃO,VOX,ENTRE 15 E 20 ANOS,ba2e66d2a1ef9585b9fea12cb3b0e789
2024-10-01,M,36.0,OP SALA DE VOLUNTÁRIOS,EKLEKTOS,ENTRE 35 E 40 ANOS,954fd057006e5dd56d9c0e9bd3283f8c
2024-10-01,F,26.0,OP SALA DE VOLUNTÁRIOS,DOMINGO,ENTRE 25 E 30 ANOS,bc5bb3f07179d21859255e8e93a38d44
2024-10-01,F,37.0,OP SALA DE VOLUNTÁRIOS,DOMINGO,ENTRE 35 E 40 ANOS,d95d82343fc70576bfc6bd62a8b7013a
2024-10-01,F,30.0,OP SALA DE VOLUNTÁRIOS,DOMINGO,ENTRE 30 E 35 ANOS,32a3b779befeee914488b5acee60be40
2024-10-01,M,39.0,OP SALA DE VOLUNTÁRIOS,DOMINGO,ENTRE 35 E 40 ANOS,6c7b31fb216b73c84b5e619b603a7357
2024-10-01,F,49.0,OP SALA DE VOLUNTÁRIOS,EKLEKTOS,ENTRE 45 E 50 ANOS,d18f196b8d92c3a21e104719854a8204
2024-10-01,F,41.0,OP SALA DE VOLUNTÁRIOS,VOX,ENTRE 40 E 45 ANOS,4c55d228c5d546599b3761b6b31ea97b
2024-10-01,F,25.0,OP SALA DE VOLUNTÁRIOS,DOMINGO,ENTRE 25 E 30 ANOS,278fe4fafb0c10ef0b2c9d872c726313
2024-10-01,M,25.0,OP SALA DE VOLUNTÁRIOS,DOMINGO,ENTRE 25 E 30 ANOS,175d59238fd10398173746a75d345088
2024-10-01,F,62.0,OP SALA DE VOLUNTÁRIOS,DOMINGO,ACIMA DE 60 ANOS,dca66224a39939f34fa85d29a7d36ad8
2024-10-01,F,52.0,PP GERENCIAMENTO,DOMINGO,ENTRE 50 E 55 ANOS,5f9c6e8135c0a04b624c3b57e10520a0
2024-10-01,F,35.0,PP GERENCIAMENTO,DOMINGO,ENTRE 35 E 40 ANOS,4dcece1167adf9b506b161532ae362a0
2024-10-01,F,28.0,PP GERENCIAMENTO,DOMINGO,ENTRE 25 E 30 ANOS,9da875057a61d2204b17db34949090b6
2024-10-01,F,41.0,PP INTEGRACAO,DOMINGO,ENTRE 40 E 45 ANOS,11d13771944678d8662f5c0edc2434dc
2024-10-01,M,34.0,PP INTEGRACAO,DOMINGO,ENTRE 30 E 35 ANOS,a956818e14b359213d9294c8a63fcdab
2024-10-01,F,36.0,PP INTEGRACAO,DOMINGO,ENTRE 35 E 40 ANOS,b5923aab2b620d58278b3a31231a65c3
2024-10-01,F,22.0,PP INTEGRACAO,DOMINGO,ENTRE 20 E 25 ANOS,37fb505defc171aca48439f8cb8d116b
2024-10-01,M,53.0,PP INTEGRACAO,DOMINGO,ENTRE 50 E 55 ANOS,b90516142b8dbe8fad665d80fdae20a8
2024-08-01,M,25.0,MM BACKSTAGE,EKLEKTOS,ENTRE 25 E 30 ANOS,be5f6dbb1e1564901cceb072b5558193
2024-08-01,F,28.0,MM BACKSTAGE,EKLEKTOS,ENTRE 25 E 30 ANOS,63184520b1ce26aef773115f5296e7ab
2024-08-01,F,33.0,MM BACKSTAGE,DOMINGO,ENTRE 30 E 35 ANOS,e7f05f8bb52194c81da2a35767d7d96e
2024-08-01,F,27.0,MM DEVELOPERS,DOMINGO,ENTRE 25 E 30 ANOS,11c4d28d3ee8bfe2a5c8dbd658fe1c0b
2024-08-01,F,20.0,MM FOTOGRAFIA,VOX,ENTRE 20 E 25 ANOS,6e303bdf811a5306defef05353937196
2024-08-01,M,39.0,MM ILUMINAÇÃO,DOMINGO,ENTRE 35 E 40 ANOS,063b7ba08aea0876166b9b180ebc5c69
2024-08-01,M,25.0,MM LIVE STREAMING,DOMINGO,ENTRE 25 E 30 ANOS,a4f611cbd54f65650489295c07585b21
2024-08-01,M,21.0,MM MÍDIAS,VOX,ENTRE 20 E 25 ANOS,f6d8cd42ce219d8f074a2b508fe58f0b
2024-08-01,F,27.0,MM MÍDIAS,VOX,ENTRE 25 E 30 ANOS,3d06f83369d5f015567d256cda1921b4
2024-08-01,F,45.0,MM PROJEÇÃO,DOMINGO,ENTRE 45 E 50 ANOS,957dfa073cb33c7d00685aa826bf12f5
2024-08-01,M,29.0,MM TÉCNICA,DOMINGO,ENTRE 25 E 30 ANOS,49b307857e5a1e553369eac82a186a8c
2024-08-01,M,40.0,OH OHANA BOOKS CAFÉ,DOMINGO,ENTRE 40 E 45 ANOS,7fa6ba6159c34e5d3b249b0e280f5646
2024-08-01,F,25.0,OH OHANA BOOKS CAFÉ,DOMINGO,ENTRE 25 E 30 ANOS,7b6a672f617f5bbfae9eb617e3a80e9e
2024-08-01,F,42.0,OH OHANA BOOKS CAFÉ,DOMINGO,ENTRE 40 E 45 ANOS,74c9963149302ad00f6d41fc270780ad
2024-08-01,F,41.0,OH OHANA BOOKS CAFÉ,EKLEKTOS,ENTRE 40 E 45 ANOS,24a089d195eb6b1aad212f31e583794b
2024-08-01,F,37.0,OH OHANA BOOKS CAFÉ,EKLEKTOS,ENTRE 35 E 40 ANOS,921b7a1b55cdf537e254366fe69aacb9
2024-08-01,F,33.0,OH OHANA BOOKS CAFÉ,EKLEKTOS,ENTRE 30 E 35 ANOS,858b5645c7e6b111b62b59af22e934ae
2024-08-01,F,30.0,OH OHANA BOOKS CAFÉ,EKLEKTOS,ENTRE 30 E 35 ANOS,1ac687ad0c2838a72b2bbcee0419c922
2024-08-01,F,27.0,OH OHANA BOOKS CAFÉ,VOX,ENTRE 25 E 30 ANOS,0411a468b04c535aaa6b9c7136b8f1d3
2024-08-01,F,28.0,OH OHANA BOOKS CAFÉ,EKLEKTOS,ENTRE 25 E 30 ANOS,20d20513b6c1f141a0d547a5beee8926
2024-08-01,F,22.0,OP APOIO,DOMINGO,ENTRE 20 E 25 ANOS,65ce2e3dad2ea854f59777f00be72387
2024-08-01,F,32.0,OP APOIO,EKLEKTOS,ENTRE 30 E 35 ANOS,17be757728fd9869f3b89e89e8dea2f4
2024-08-01,M,25.0,OP APOIO,DOMINGO,ENTRE 25 E 30 ANOS,ee8a3bf611f95270f1888416a2bba91e
2024-08-01,M,29.0,OP LOGÍSTICA,DOMINGO,ENTRE 25 E 30 ANOS,1e1f4e1db60fdcc3aaf211c7a83d5bf7
2024-08-01,F,28.0,OP RECEPÇÃO,VOX,ENTRE 25 E 30 ANOS,01af91d78f74157901552a342a4e5f45
2024-08-01,M,19.0,OP RECEPÇÃO,VOX,ENTRE 15 E 20 ANOS,85e2bde5b4ca80bcd248e90e142465f9
2024-08-01,F,27.0,OP RECEPÇÃO,DOMINGO,ENTRE 25 E 30 ANOS,c310974afd6fdc40f840d14f1e25488e
2024-08-01,M,26.0,OP RECEPÇÃO,DOMINGO,ENTRE 25 E 30 ANOS,8bf1975cf0d4de26298f3515fdb98f7a
2024-08-01,F,42.0,OP SALA DE VOLUNTÁRIOS,DOMINGO,ENTRE 40 E 45 ANOS,18865a67b36951c4370116c585610fa4
2024-08-01,F,30.0,PP GERENCIAMENTO,DOMINGO,ENTRE 30 E 35 ANOS,b8766e669d57d96e5643f955ad981d0f
2024-08-01,F,31.0,Não informado,Não informado,ENTRE 30 E 35 ANOS,bf744c34e77799cde7f72cd45677d503
2024-07-01,M,20.0,MM BACKSTAGE,VOX,ENTRE 20 E 25 ANOS,fbdfa4f0d2e806815c44a8c9621eb0ba
2024-07-01,M,25.0,MM BACKSTAGE,DOMINGO,ENTRE 25 E 30 ANOS,568c12d198974c3323264db6c4550204
2024-07-01,F,23.0,MM COMUNICACAO VOX,VOX,ENTRE 20 E 25 ANOS,6467ddb33f4a06bff4ada869ed1e5af7
2024-07-01,F,19.0,MM DESIGN,VOX,ENTRE 15 E 20 ANOS,e4123aabc9d22f751d3686fed01f7dc0
2024-07-01,F,20.0,MM FOTOGRAFIA,Não informado,ENTRE 20 E 25 ANOS,642dc048a39b9a015765551419eb0c44
2024-07-01,F,26.0,MM ILUMINAÇÃO,DOMINGO,ENTRE 25 E 30 ANOS,810a6bd5d2dc4070ec26b6ba21f11c21
2024-07-01,M,31.0,MM LIVE STREAMING,DOMINGO,ENTRE 30 E 35 ANOS,eee09aa0e1c32d92b900daea89a1b827
2024-07-01,M,38.0,MM LIVE STREAMING,DOMINGO,ENTRE 35 E 40 ANOS,c72c55ca98178278be5c6f0d0886b32b
2024-07-01,M,22.0,MM MÍDIAS,VOX,ENTRE 20 E 25 ANOS,00b3b21183cf071dd323251c0e3de26d
2024-07-01,F,25.0,MM MÍDIAS,VOX,ENTRE 25 E 30 ANOS,ddc87d9abb576a15bbfad391df23dd6e
2024-07-01,F,35.0,MM MÍDIAS,EKLEKTOS,ENTRE 35 E 40 ANOS,d3e68528bd95e278a63e778e4550c92d
2024-07-01,F,28.0,MM PROJEÇÃO,EKLEKTOS,ENTRE 25 E 30 ANOS,3bde0092e9d50cadf57cf1a405e9be44
2024-07-01,M,37.0,MM PROJEÇÃO,EKLEKTOS,ENTRE 35 E 40 ANOS,4811490ca2d83ce44ea9ab5227eff799
2024-07-01,M,26.0,MM SOM,DOMINGO,ENTRE 25 E 30 ANOS,ec02a5988c5962ddfa637c9a49e950be
2024-07-01,F,28.0,MM TI,EKLEKTOS,ENTRE 25 E 30 ANOS,0fd18ba2a5e15fb988948dfe275f4ef7
2024-07-01,M,36.0,MM TI,DOMINGO,ENTRE 35 E 40 ANOS,71850d7b419efa0c3031f5227616a6ee
2024-07-01,M,26.0,OP APOIO,EKLEKTOS,ENTRE 25 E 30 ANOS,8d1c58c6c17bd0cc2ffc6784a07ad8a0
2024-07-01,F,26.0,OP APOIO,EKLEKTOS,ENTRE 25 E 30 ANOS,715c040e964cb97ccdae1ac1161dacf0
2024-07-01,F,24.0,OP APOIO,VOX,ENTRE 20 E 25 ANOS,2417bab91a67ade8f4d524ef76b9d3f9
2024-07-01,M,27.0,OP APOIO,VOX,ENTRE 25 E 30 ANOS,67788fd38a7b7cc290d812a7846b8a31
2024-07-01,M,28.0,OP APOIO,DOMINGO,ENTRE 25 E 30 ANOS,6a76e13650c214d45d46bb9d61c2cf97
2024-07-01,F,30.0,OP APOIO,DOMINGO,ENTRE 30 E 35 ANOS,d9c693ee636a8a71f1fa8729f4419e31
2024-07-01,F,38.0,OP APOIO,DOMINGO,ENTRE 35 E 40 ANOS,70a857f01802a669ec65d622dc81862c
2024-07-01,M,42.0,OP APOIO,DOMINGO,ENTRE 40 E 45 ANOS,f28ec0c9bff72d05f5a2c95d15708dae
2024-07-01,F,51.0,OP COOKING,DOMINGO,ENTRE 50 E 55 ANOS,22b3536876a3be41d2fff4cdb3005f19
2024-07-01,F,70.0,OP COOKING,DOMINGO,ACIMA DE 60 ANOS,6f930ebc3b389c867df92744a1c1813e
2024-07-01,M,30.0,OP LOGÍSTICA,EKLEKTOS,ENTRE 30 E 35 ANOS,26a7cd8a06ba484c683704539b2e1ec1
2024-07-01,F,23.0,OP OHANA CAFÉ,DOMINGO,ENTRE 20 E 25 ANOS,d457740250c50d16df084a0a6145c55a
2024-07-01,F,40.0,OP OHANA CAFÉ,DOMINGO,ENTRE 40 E 45 ANOS,052ab3b25feb78dd720b9f222a6dcd5d
2024-07-01,M,41.0,OP OHANA CAFÉ,DOMINGO,ENTRE 40 E 45 ANOS,86396ac77e64e4541bf099463ae12878
2024-07-01,F,22.0,OP RECEPÇÃO,DOMINGO,ENTRE 20 E 25 ANOS,19a761618a0d095253987da9ce4a5fd4
2024-07-01,F,24.0,OP RECEPÇÃO,DOMINGO,ENTRE 20 E 25 ANOS,b6e262fda6d3a16247620f638c344479
2024-07-01,F,24.0,OP RECEPÇÃO,DOMINGO,ENTRE 20 E 25 ANOS,052ab3b25feb78dd720b9f222a6dcd5d
2024-07-01,F,27.0,OP RECEPÇÃO,EKLEKTOS,ENTRE 25 E 30 ANOS,87b813ee3f24d05c95e25800695cbc5b
2024-07-01,F,28.0,OP RECEPÇÃO,EKLEKTOS,ENTRE 25 E 30 ANOS,c3e0fedf2109e9e69d61d8a4d6d29a24
2024-07-01,F,28.0,OP RECEPÇÃO,DOMINGO,ENTRE 25 E 30 ANOS,a54cd50c27266a10a0f316ad685ba713
2024-07-01,M,29.0,OP RECEPÇÃO,EKLEKTOS,ENTRE 25 E 30 ANOS,744e5fbf59c62c0bd347502746896678
2024-07-01,F,31.0,OP RECEPÇÃO,EKLEKTOS,ENTRE 30 E 35 ANOS,c207fc682f2fbf34a46c4c9a04287541
2024-07-01,F,45.0,OP RECEPÇÃO,DOMINGO,ENTRE 45 E 50 ANOS,449409411668013701a4ecc6fa468989
2024-07-01,F,24.0,OP SALA DE VOLUNTÁRIOS,DOMINGO,ENTRE 20 E 25 ANOS,ca3edb2f3a87ee86c89cbde4db002f6e
2024-07-01,M,26.0,OP SALA DE VOLUNTÁRIOS,DOMINGO,ENTRE 25 E 30 ANOS,078a07f57f18e6d8b41d82b488eb6fc6
2024-07-01,F,45.0,OP SALA DE VOLUNTÁRIOS,DOMINGO,ENTRE 45 E 50 ANOS,ae032f3ac6cf3e827d389cc03d8bf054
2024-07-01,F,47.0,OP SHABBA STORE,DOMINGO,ENTRE 45 E 50 ANOS,a91c59443afa7f7eded36a423b677b65
2024-06-01,F,27.0,MM BACKSTAGE,VOX,ENTRE 25 E 30 ANOS,c8362d5212fb664844a9d508fac70f8c
2024-06-01,F,23.0,MM BACKSTAGE,VOX,ENTRE 20 E 25 ANOS,e083921213a626df695edd9e56da6bc8
2024-06-01,M,41.0,MM DEVELOPERS,DOMINGO,ENTRE 40 E 45 ANOS,efce30725cabe22f38806a88952ded1f
2024-06-01,M,31.0,MM DEVELOPERS,DOMINGO,ENTRE 30 E 35 ANOS,2ca9c3f5bd5bef84632c9c2af5183da2
2024-06-01,M,23.0,MM DEVELOPERS,DOMINGO,ENTRE 20 E 25 ANOS,f5a422b991ea7e5e25a3e6d8735a469e
2024-06-01,M,42.0,MM DEVELOPERS,DOMINGO,ENTRE 40 E 45 ANOS,110331873e0f807646e4e6e01a7e6dbe
2024-06-01,F,32.0,MM FOTOGRAFIA,DOMINGO,ENTRE 30 E 35 ANOS,0000bcb1d580d7d153d681d63b6c9823
2024-06-01,F,23.0,MM FOTOGRAFIA,VOX,ENTRE 20 E 25 ANOS,bf835e6841788d76f28e364b4475d89b
2024-06-01,F,28.0,MM FOTOGRAFIA,DOMINGO,ENTRE 25 E 30 ANOS,1648fa8c6acb9a699c97d4039bc9e918
2024-06-01,M,37.0,MM FOTOGRAFIA,DOMINGO,ENTRE 35 E 40 ANOS,c0b58059ca1b1aee16469c77a7adf243
2024-06-01,M,,MM ILUMINAÇÃO,DOMINGO,Não informado,d41d8cd98f00b204e9800998ecf8427e
2024-06-01,F,28.0,MM LIVE STREAMING,DOMINGO,ENTRE 25 E 30 ANOS,2b03580f7d44370215ee1e4002875628
2024-06-01,F,26.0,MM MÍDIAS,VOX,ENTRE 25 E 30 ANOS,8bb0b2a07bc1d017b3ea608399fbbe5b
2024-06-01,F,26.0,MM PROJEÇÃO,VOX,ENTRE 25 E 30 ANOS,84a6015b6bb4b87fd804137a7528439f
2024-06-01,F,20.0,OP APOIO,VOX,ENTRE 20 E 25 ANOS,f368df6cb9f84b94cd173b9989e7ff12
2024-06-01,F,41.0,OP COOKING,DOMINGO,ENTRE 40 E 45 ANOS,bc64b97d040f3412a58f9fb89572662f
2024-06-01,F,20.0,OP LOGÍSTICA,DOMINGO,ENTRE 20 E 25 ANOS,6bbe1a4798ef29b2ed3d341b983d07ec
2024-06-01,F,22.0,OP LOGÍSTICA,VOX,ENTRE 20 E 25 ANOS,20bb0c3faed843c9300e2162ea8f41a2
2024-06-01,M,26.0,OP LOGÍSTICA,VOX,ENTRE 25 E 30 ANOS,f4c470d9ec9d68e47744a6b959a789bd
2024-06-01,M,29.0,OP OHANA CAFÉ,EKLEKTOS,ENTRE 25 E 30 ANOS,d1fe450d7baee32901cb0def06a7e34c
2024-06-01,F,21.0,OP OHANA CAFÉ,VOX,ENTRE 20 E 25 ANOS,f592bf0bf3382b069737093043efe421
2024-06-01,F,44.0,OP OHANA CAFÉ,EKLEKTOS,ENTRE 40 E 45 ANOS,131581b924774ea6fe18dfb9ae88ef1b
2024-06-01,F,59.0,OP OHANA CAFÉ,DOMINGO,ENTRE 55 E 60 ANOS,ed51fea57c6b7418877694eeac79a91f
2024-06-01,F,30.0,OP RECEPÇÃO,DOMINGO,ENTRE 30 E 35 ANOS,6a50c2b9b68b5e8bc43628a8adb41f66
2024-06-01,M,48.0,OP RECEPÇÃO,DOMINGO,ENTRE 45 E 50 ANOS,56feb2097f8dc53ac10ffb2f945b9670
2024-06-01,F,36.0,OP RECEPÇÃO,DOMINGO,ENTRE 35 E 40 ANOS,bfc4193f64077a3db02f8a639fe83f7b
2024-06-01,F,26.0,OP RECEPÇÃO,VOX,ENTRE 25 E 30 ANOS,a68115a2406e67a2feecfc295eb43517
2024-06-01,F,30.0,OP RECEPÇÃO,DOMINGO,ENTRE 30 E 35 ANOS,8b4d9ea600d6d09d327181422f888cad
2024-06-01,F,56.0,OP RECEPÇÃO,DOMINGO,ENTRE 55 E 60 ANOS,62f4f4a371523a56c106386d294b2ef6
2024-06-01,F,45.0,OP RECEPÇÃO,EKLEKTOS,ENTRE 45 E 50 ANOS,2c4cc71cc8e4f5fbc6761b4328bd2ea5
2024-06-01,F,39.0,OP SALA DE VOLUNTÁRIOS,DOMINGO,ENTRE 35 E 40 ANOS,4a0167df63596549b9db66601936fc7d
2024-06-01,F,27.0,OP SALA DE VOLUNTÁRIOS,VOX,ENTRE 25 E 30 ANOS,20e0baeded60a8716f5af3329ce5f704
2024-06-01,F,22.0,OP STYLING,DOMINGO,ENTRE 20 E 25 ANOS,fc13d6c71c2711eefc4bc46292ff0dc8
2024-05-01,F,23.0,OP APOIO,VOX,ENTRE 20 E 25 ANOS,88d2df3db632fefe958ca520aa14511a
2024-05-01,F,31.0,OP COOKING,DOMINGO,ENTRE 30 E 35 ANOS,06709ae3a69487b9d4593d1df4d93a71
2024-05-01,F,43.0,OP COOKING,DOMINGO,ENTRE 40 E 45 ANOS,9bfd048526556b259d16e39ea101e127
2024-05-01,F,24.0,MM LIVE STREAMING,VOX,ENTRE 20 E 25 ANOS,b506c22c4308e0c80124caa476dede0a
2024-05-01,M,27.0,MM LIVE STREAMING,DOMINGO,ENTRE 25 E 30 ANOS,e6a16d577d4fcb7b9b3316d55a66a6df
2024-05-01,M,,OP LOGÍSTICA,VOX,Não informado,d41d8cd98f00b204e9800998ecf8427e
2024-05-01,M,25.0,OP RECEPÇÃO ,DOMINGO,ENTRE 25 E 30 ANOS,868b596738c95d288b4db3770461a5a9
2024-05-01,F,36.0,OP RECEPÇÃO ,DOMINGO,ENTRE 35 E 40 ANOS,f5b2e11573d87c97840f08d53800930d
2024-05-01,F,24.0,OP RECEPÇÃO ,VOX,ENTRE 20 E 25 ANOS,a5d45034659eebec39779fbc566457bb
2024-05-01,F,,OP RECEPÇÃO ,DOMINGO,Não informado,a3cfe79711df42e80402c4879051d2b7
2024-05-01,M,48.0,OP SALA DE VOLUNTÁRIOS,DOMINGO,ENTRE 45 E 50 ANOS,1500439e0d3d94d883dd1893f041c8e4
2024-05-01,F,28.0,OP SALA DE VOLUNTÁRIOS,VOX,ENTRE 25 E 30 ANOS,c255c168cd54121783e49b88ed68a99f
2024-05-01,F,21.0,OP SHABBA STORE,VOX,ENTRE 20 E 25 ANOS,6ab0ce9c809ee6116c6d625791b91091
2024-05-01,M,29.0,MM TI,VOX,ENTRE 25 E 30 ANOS,8a3fc39dfb9a3cde8bf80da8df45f623
2024-05-01,F,30.0,MM TI,VOX,ENTRE 30 E 35 ANOS,ecb5dc122cac58974515eaea68798a2c
2024-04-01,F,21.0,OP APOIO,VOX,ENTRE 20 E 25 ANOS,196682fc3e1ee41e9d5bc983a389b80d
2024-04-01,M,26.0,OP APOIO,VOX,ENTRE 25 E 30 ANOS,3d04fe0066c6880680a6cc82f27099da
2024-04-01,M,27.0,OP APOIO,VOX,ENTRE 25 E 30 ANOS,e10c26af524b2c21a09bec3ac965695c
2024-04-01,F,29.0,OP APOIO,EKLEKTOS,ENTRE 25 E 30 ANOS,0e0ee76ff30c73eb1dcb0d18955ae460
2024-04-01,M,27.0,OP APOIO,EKLEKTOS,ENTRE 25 E 30 ANOS,15664877ee2b80877ef40e78e1ce3f94
2024-04-01,M,33.0,OP APOIO,DOMINGO,ENTRE 30 E 35 ANOS,b46a93db7e4d519ff6a6419961d4d58a
2024-04-01,M,24.0,OP APOIO,DOMINGO,ENTRE 20 E 25 ANOS,3a56f3d0106e9a1b1a30279aea35f46e
2024-04-01,M,55.0,OP APOIO,DOMINGO,ENTRE 55 E 60 ANOS,d3d8da710ae0910a04cc306e6e12d17a
2024-04-01,M,28.0,OP APOIO,EKLEKTOS,ENTRE 25 E 30 ANOS,3459a59b41143f9213ef8fbaa0fb34ec
2024-04-01,F,32.0,OP APOIO,DOMINGO,ENTRE 30 E 35 ANOS,7e662d4d71fa5e43e82de378d51f322d
2024-04-01,F,38.0,OP APOIO,DOMINGO,ENTRE 35 E 40 ANOS,f986764af643a61b2eecbae0c6b61f26
2024-04-01,M,25.0,MM DEVELOPERS,VOX,ENTRE 25 E 30 ANOS,eaff5227b4229ccc4450793a4502bd80
2024-04-01,M,25.0,MM DEVELOPERS,DOMINGO,ENTRE 25 E 30 ANOS,3836e4d5b57f3ebbe5b1fe2dad27f54a
2024-04-01,M,19.0,MM DEVELOPERS,VOX,ENTRE 15 E 20 ANOS,d3b4198f7cbf57bc4907ad4e5c85413b
2024-04-01,F,20.0,MM FOTOGRAFIA,VOX,ENTRE 20 E 25 ANOS,ddf7a47058f22a36f546a1cbd91c4e74
2024-04-01,M,26.0,MM ILUMINAÇÃO,DOMINGO,ENTRE 25 E 30 ANOS,c53288f59039801a15b1c0b394d85484
2024-04-01,M,27.0,MM LIVE STREAMING,VOX,ENTRE 25 E 30 ANOS,e8af985a61451507deaf5ce5fbc88570
2024-04-01,F,36.0,MM LIVE STREAMING,EKLEKTOS,ENTRE 35 E 40 ANOS,ab650447289adbc12789d01d1c49fca4
2024-04-01,M,40.0,MM LIVE STREAMING,DOMINGO,ENTRE 40 E 45 ANOS,3774afa6ea5d711bbe593f3269802a3b
2024-04-01,M,32.0,MM LIVE STREAMING,DOMINGO,ENTRE 30 E 35 ANOS,af6847ccf6b1d160cfb57898f8ad84f6
2024-04-01,F,26.0,OP LOGÍSTICA,DOMINGO,ENTRE 25 E 30 ANOS,27e10dd3abb5f42233511a189fab180a
2024-04-01,M,33.0,OP LOGÍSTICA,DOMINGO,ENTRE 30 E 35 ANOS,c1bd646fb904155392a20d13fb67f68a
2024-04-01,M,29.0,OP LOGÍSTICA,DOMINGO,ENTRE 25 E 30 ANOS,b80560fda6c418c797e6ff47e5b8988a
2024-04-01,F,26.0,OP LOGÍSTICA,DOMINGO,ENTRE 25 E 30 ANOS,24a216ccd41f4d065f897ef24fda4fbc
2024-04-01,F,33.0,OP LOGÍSTICA,DOMINGO,ENTRE 30 E 35 ANOS,ecc3a5ec4f77820e71edda68a76ac147
2024-04-01,F,30.0,OP OHANA CAFÉ,VOX,ENTRE 30 E 35 ANOS,2507a8bc158b4d8c256e9183b6e5a909
2024-04-01,F,43.0,OP OHANA CAFÉ,DOMINGO,ENTRE 40 E 45 ANOS,39fe075326f6362816c5bab22f8c16d4
2024-04-01,M,29.0,MM PROJEÇÃO,DOMINGO,ENTRE 25 E 30 ANOS,79b32e9d023c4fbc526fe4d9c2d749ce
2024-04-01,F,25.0,MM PROJEÇÃO,DOMINGO,ENTRE 25 E 30 ANOS,54a3b4944d7abe41138ad8f4e2265295
2024-04-01,F,27.0,OP RECEPÇÃO ,DOMINGO,ENTRE 25 E 30 ANOS,27d3dba367cb56aac8e14120cddb46da
2024-04-01,F,22.0,OP RECEPÇÃO ,DOMINGO,ENTRE 20 E 25 ANOS,84fda9e4c7122761cf7352ce1e05db16
2024-04-01,M,21.0,OP RECEPÇÃO ,VOX,ENTRE 20 E 25 ANOS,d5a7dae422101d063c0fa4098a3eae9a
2024-04-01,M,37.0,OP RECEPÇÃO ,EKLEKTOS,ENTRE 35 E 40 ANOS,e5ac576c25b92d617ba8db8f2a93e966
2024-04-01,F,23.0,OP RECEPÇÃO ,DOMINGO,ENTRE 20 E 25 ANOS,54ed35013e37f158536244e1c9303623
2024-04-01,F,,OP RECEPÇÃO ,DOMINGO,Não informado,d41d8cd98f00b204e9800998ecf8427e
2024-04-01,M,33.0,OP RECEPÇÃO ,EKLEKTOS,ENTRE 30 E 35 ANOS,ac071c996c9c3a3076616aea0755b53a
2024-04-01,F,23.0,OP RECEPÇÃO ,VOX,ENTRE 20 E 25 ANOS,fc4bbf047dfb64bae95552070c84a9c2
2024-04-01,M,29.0,OP RECEPÇÃO ,DOMINGO,ENTRE 25 E 30 ANOS,5a53bf80e7a505d4c7005919b011caee
2024-04-01,M,30.0,OP RECEPÇÃO ,VOX,ENTRE 30 E 35 ANOS,9319ff6d085c6c995e05a20c662950b0
2024-04-01,F,35.0,OP RECEPÇÃO ,DOMINGO,ENTRE 35 E 40 ANOS,c20d61af89db49a3d830a7c06a23a819
2024-04-01,M,41.0,OP RECEPÇÃO ,EKLEKTOS,ENTRE 40 E 45 ANOS,422e0e382ca8885acf9027aeedf0d854
2024-04-01,F,32.0,OP RECEPÇÃO ,EKLEKTOS,ENTRE 30 E 35 ANOS,fc5b0d3a85bb305c9c39b7c76da0d05c
2024-04-01,M,28.0,OP RECEPÇÃO ,EKLEKTOS,ENTRE 25 E 30 ANOS,9f3caffc63429c623f61e29dc7c08f3c
2024-04-01,F,39.0,OP SALA DE VOLUNTÁRIOS,EKLEKTOS,ENTRE 35 E 40 ANOS,d97c57046c65d9a9a9cae959d2068241
2024-04-01,F,25.0,OP SALA DE VOLUNTÁRIOS,VOX,ENTRE 25 E 30 ANOS,e9a3f7cb64f7a817e06358a40b0fdcc1
2024-04-01,F,46.0,OP SALA DE VOLUNTÁRIOS,DOMINGO,ENTRE 45 E 50 ANOS,0212473690358b6077c39d8bb36dcc96
2024-04-01,F,31.0,OP SALA DE VOLUNTÁRIOS,EKLEKTOS,ENTRE 30 E 35 ANOS,3c8a00965094e503577f4d4b18992c26
2024-04-01,F,26.0,OP SHABBA STORE,VOX,ENTRE 25 E 30 ANOS,14d0c263d6c20fc8f3548401401b7d7a
2024-04-01,F,42.0,OP SHABBA STORE,DOMINGO,ENTRE 40 E 45 ANOS,2a33caa4545d4eb605f9a61960cc2a38
2024-04-01,M,27.0,OP SHABBA STORE,DOMINGO,ENTRE 25 E 30 ANOS,fb30d1d4ddadffa5ee75ca1924efaaee
2024-04-01,F,33.0,OP SHABBA STORE,DOMINGO,ENTRE 30 E 35 ANOS,87c0f85c14ccf093ffdfc6a7ff3a1c1e
2024-04-01,F,35.0,OP STYLING,DOMINGO,ENTRE 35 E 40 ANOS,2e1e3b84475299d514efa78e3ea441ce
2024-04-01,F,28.0,OP STYLING,DOMINGO,ENTRE 25 E 30 ANOS,7e3b4b9a125e4523b6ad12ecf8612225
2024-04-01,F,29.0,OP STYLING,DOMINGO,ENTRE 25 E 30 ANOS,fed561aaf17b84a7d5a4ac4442db97ec
2024-04-01,M,25.0,Não informado,DOMINGO,ENTRE 25 E 30 ANOS,eb207ee76bfb632e78aacaef850e86a3
2024-03-01,F,,Não informado,EKLEKTOS,Não informado,5ce4cc06af79ad4e6fd535fdfe4e695f
2024-03-01,F,,Não informado,EKLEKTOS,Não informado,73447992bb0e01ea85886a3f848be8e4
2024-03-01,F,,Não informado,VOX,Não informado,4c635a6f46a3e7c1d9d0f67eb876443d
2024-03-01,F,,Não informado,BUTANTÃ,Não informado,19cd0dcf2be71d01a271c67911d6cb8f
2024-03-01,F,,Não informado,BUTANTÃ,Não informado,c14c19f10aef71f9732e691ef3af304c
2024-03-01,M,,Não informado,BUTANTÃ,Não informado,fd77c66d01883f384575a9c2cbefd81b
2024-03-01,M,,Não informado,EKLEKTOS,Não informado,232b7d02a797e7f3ba84bb9ad2d417cc
2024-03-01,M,,Não informado,MORUMBI,Não informado,19e68da1ee0c33aed16013159a15adcb
2024-03-01,F,,Não informado,BUTANTÃ,Não informado,ccfe027a54379ffc1098a92877d1199f
2024-03-01,F,,Não informado,BUTANTÃ,Não informado,3d67a8eddd63b7bdfb36f818506e1aa3
2024-03-01,M,,Não informado,BUTANTÃ,Não informado,d8320ed70a3161d62a5024071efb8698
2024-03-01,M,,Não informado,VOX,Não informado,278311d1bd5a17749be4a876c4da38a6
2024-03-01,F,,Não informado,BUTANTÃ,Não informado,af184fb077162a85a109e901a7fa8aea
2024-03-01,M,,Não informado,BUTANTÃ,Não informado,1f807ed986d7f15a3f907d4fe7d89568
2024-03-01,F,,Não informado,MORUMBI,Não informado,e256e0fb1fb18b4ce251fa398b6d62ba
2024-03-01,M,,Não informado,BUTANTÃ,Não informado,7f0916641b24fe29dff5dd2cdfce3651
2024-03-01,M,,Não informado,EKLEKTOS,Não informado,19a595369515577f129805718b7789ca
2024-03-01,M,,Não informado,MORUMBI,Não informado,99e06c56830664b1b9f8270806b02f47
2024-03-01,M,,Não informado,MORUMBI,Não informado,9e17cdc891e887cef221b85c58cefa04
2024-03-01,F,,Não informado,EKLEKTOS,Não informado,8dfe21d8fe72e009973e89d9df0ed4ab
2024-03-01,F,,Não informado,BUTANTÃ,Não informado,b78cbe4cd0015992797f7b314ed8ad9a
2024-03-01,F,,Não informado,MORUMBI,Não informado,68259283be52f4242e3151f53b133af2
2024-03-01,F,,Não informado,EKLEKTOS,Não informado,5ec09aca19e3f80ae72615fa324dcd6e
2024-03-01,M,,Não informado,EKLEKTOS,Não informado,370821fa75a7e773c6e6d9a401321a39
2024-03-01,F,,Não informado,BUTANTÃ,Não informado,7eff8f13a5a2ae75099504e44aa3cbe7
2024-03-01,F,,Não informado,BUTANTÃ,Não informado,2131854aed5114492b5e28075700082f
2024-03-01,F,,Não informado,EKLEKTOS,Não informado,3ef0f4420bab5bf4725f6884d1db01fa
2024-03-01,F,,Não informado,VOX,Não informado,79aa9f29ffe1c2f58c82b07d087885ab
2024-03-01,M,,Não informado,BUTANTÃ,Não informado,8dd1615f2f84a0d238ef6104d28a6b0c
2024-03-01,F,,Não informado,BUTANTÃ,Não informado,52f193eefd741267960abc0925506c43
2024-03-01,M,,Não informado,BUTANTÃ,Não informado,0f75706efebb2d87cb665bcb9382a07e
2024-03-01,M,,Não informado,EKLEKTOS,Não informado,61020cd361df584943dd3e7cdde99287
2024-03-01,M,,Não informado,BUTANTÃ,Não informado,73e2a680b49c5afb112608796740eb62
2024-03-01,F,,Não informado,BUTANTÃ,Não informado,db69180f2140b73f26c85fb7a49044d5
2024-02-01,F,,Não informado,VOX,Não informado,b69abe954885f91eb4324afa0289229b
2024-02-01,M,,Não informado,VOX,Não informado,374057bd69f72baf18625125b31a5932
2024-02-01,F,,Não informado,EKLEKTOS,Não informado,df88f5934ce76b2644d6192ba805c550
2024-02-01,F,,Não informado,MORUMBI,Não informado,2e5153d64b2bb8c88ad783b594b1c6ab
2024-02-01,F,,Não informado,VOX,Não informado,fb020fa47aa7ec6b314ccfcc5445142d
2024-02-01,F,,Não informado,EKLEKTOS,Não informado,1de39e3e3b5ff3b5576620e5d2518c26
2024-02-01,F,,Não informado,MORUMBI,Não informado,1de4713ac206e92028f0e64f993af7ff
2024-02-01,M,,Não informado,MORUMBI,Não informado,afb58e3bc8ed328b30e5d515b243e988
2024-02-01,F,,Não informado,VOX,Não informado,739a38a7cfee9c3140e6160c6788b508
2024-02-01,F,,Não informado,VOX,Não informado,cedd292d846f10249738b8e2cb87877d
2024-02-01,F,,Não informado,VOX,Não informado,49db5db00501a30ba69cedab7dbfc4be
2024-02-01,F,,Não informado,BUTANTÃ,Não informado,dce34c1353bbcd8806c095f7c656d214
2024-02-01,F,,Não informado,BUTANTÃ,Não informado,39f4519cd18894e93041873e92c9cedd
2024-02-01,M,,Não informado,VOX,Não informado,de8ab7a12718db345e28db0b7651aaa7
2024-02-01,M,,Não informado,VOX,Não informado,e8fd39a5b0b5cfec1f6d101324c5a4b3
2024-02-01,M,,Não informado,BUTANTÃ,Não informado,599f7fec7a4792128d5e790562c9d1f7
2024-02-01,M,,Não informado,EKLEKTOS,Não informado,65d3dd4e43edb01c2cfcb5d723aa2066
2024-02-01,F,,Não informado,EKLEKTOS,Não informado,080c0cc8d7b462ba00b582a70ec746ec
2024-02-01,M,,Não informado,MORUMBI,Não informado,a488f9e428dc551c17ee1d2035e9c756
2024-02-01,M,,Não informado,BUTANTÃ,Não informado,ab778e85e723e692ecbe2002a3cf85c0
2024-02-01,F,,Não informado,BUTANTÃ,Não informado,9b48756cf953a6b90018d2405fc31965
2024-02-01,M,,Não informado,MORUMBI,Não informado,09b0e193243d63e123b62ae4a133fc1f
2024-02-01,M,,Não informado,BUTANTÃ,Não informado,57a6b1b137adcdda3ba6123b9d5eceb7
2024-02-01,M,,Não informado,BUTANTÃ,Não informado,a9a68984bd1b922eb0ca0a275d7a19ec
2024-02-01,F,,Não informado,BUTANTÃ,Não informado,7a00d8cf0e8e67db8112d48699f71800
2024-02-01,M,,Não informado,BUTANTÃ,Não informado,e107f59e83807e953f009dcae3a387df
2024-02-01,F,,Não informado,BUTANTÃ,Não informado,7b909822d86a7b18d56e57604826d04c
2024-02-01,F,,Não informado,BUTANTÃ,Não informado,c8cab287b10e0bb8ee0c8350e830818c
2024-02-01,M,,Não informado,MORUMBI,Não informado,3bd2314ecdde66c2aebb67d098e5bc3f
2023-11-01,Não informado,,Não informado,MORUMBI,Não informado,d41d8cd98f00b204e9800998ecf8427e
2023-11-01,Não informado,,Não informado,MORUMBI,Não informado,d41d8cd98f00b204e9800998ecf8427e
2023-11-01,Não informado,,Não informado,EKLEKTOS,Não informado,d41d8cd98f00b204e9800998ecf8427e
2023-11-01,Não informado,,Não informado,BUTANTÃ,Não informado,43a3b811a583bbc33a9ec2d548a71a7a
2023-11-01,Não informado,,Não informado,BUTANTÃ,Não informado,208c34646e2b52593bba6c12d4a0f0fe
2023-11-01,Não informado,,Não informado,BUTANTÃ,Não informado,43a3b811a583bbc33a9ec2d548a71a7a
2023-11-01,Não informado,,Não informado,BUTANTÃ,Não informado,208c34646e2b52593bba6c12d4a0f0fe
2023-11-01,Não informado,,Não informado,BUTANTÃ,Não informado,d41d8cd98f00b204e9800998ecf8427e
2023-11-01,Não informado,,Não informado,MORUMBI,Não informado,d41d8cd98f00b204e9800998ecf8427e
2023-11-01,Não informado,,Não informado,VOX,Não informado,d41d8cd98f00b204e9800998ecf8427e
2023-11-01,Não informado,,Não informado,BUTANTÃ,Não informado,d41d8cd98f00b204e9800998ecf8427e
2023-11-01,Não informado,,Não informado,BUTANTÃ,Não informado,d41d8cd98f00b204e9800998ecf8427e
2023-11-01,Não informado,,Não informado,BUTANTÃ,Não informado,d41d8cd98f00b204e9800998ecf8427e
2023-11-01,Não informado,,Não informado,MORUMBI,Não informado,d41d8cd98f00b204e9800998ecf8427e
2023-11-01,Não informado,,Não informado,MORUMBI,Não informado,d41d8cd98f00b204e9800998ecf8427e
2023-11-01,Não informado,,Não informado,MORUMBI,Não informado,d41d8cd98f00b204e9800998ecf8427e
2023-11-01,Não informado,,Não informado,MORUMBI,Não informado,0aecb0242b8395a4e1e0ec2884853077
2023-11-01,Não informado,,Não informado,BUTANTÃ,Não informado,d41d8cd98f00b204e9800998ecf8427e
2023-11-01,Não informado,,Não informado,BUTANTÃ,Não informado,d41d8cd98f00b204e9800998ecf8427e
2023-11-01,Não informado,,Não informado,BUTANTÃ,Não informado,d286166bfb04c875ade226bf2f4d7a5a
2023-11-01,Não informado,,Não informado,BUTANTÃ,Não informado,d41d8cd98f00b204e9800998ecf8427e
2023-11-01,Não informado,,Não informado,VOX,Não informado,d41d8cd98f00b204e9800998ecf8427e
2023-11-01,Não informado,,Não informado,EKLEKTOS,Não informado,d41d8cd98f00b204e9800998ecf8427e
2023-11-01,Não informado,,Não informado,MORUMBI,Não informado,e8010bf841c502b777d0763ded1e3a48
2023-11-01,Não informado,,Não informado,MORUMBI,Não informado,d41d8cd98f00b204e9800998ecf8427e
2023-11-01,Não informado,,Não informado,BUTANTÃ,Não informado,d41d8cd98f00b204e9800998ecf8427e
2023-11-01,Não informado,,Não informado,MORUMBI,Não informado,d41d8cd98f00b204e9800998ecf8427e
2023-11-01,Não informado,,Não informado,BUTANTÃ,Não informado,d41d8cd98f00b204e9800998ecf8427e
2023-11-01,Não informado,,Não informado,BUTANTÃ,Não informado,208c34646e2b52593bba6c12d4a0f0fe
2023-11-01,Não informado,,Não informado,BUTANTÃ,Não informado,d41d8cd98f00b204e9800998ecf8427e
2023-11-01,Não informado,,Não informado,BUTANTÃ,Não informado,d41d8cd98f00b204e9800998ecf8427e
2023-11-01,Não informado,,Não informado,VOX,Não informado,85e5e7b19f4ac1a93983926f135152c8
2023-11-01,Não informado,,Não informado,EKLEKTOS,Não informado,d41d8cd98f00b204e9800998ecf8427e
2023-11-01,Não informado,,Não informado,EKLEKTOS,Não informado,d41d8cd98f00b204e9800998ecf8427e
2023-11-01,Não informado,,Não informado,EKLEKTOS,Não informado,d41d8cd98f00b204e9800998ecf8427e
2023-11-01,Não informado,,Não informado,MORUMBI,Não informado,d41d8cd98f00b204e9800998ecf8427e
2023-11-01,Não informado,,Não informado,BUTANTÃ,Não informado,d41d8cd98f00b204e9800998ecf8427e
2023-11-01,Não informado,,Não informado,BUTANTÃ,Não informado,d41d8cd98f00b204e9800998ecf8427e
2023-11-01,Não informado,,Não informado,EKLEKTOS,Não informado,d41d8cd98f00b204e9800998ecf8427e
2023-11-01,Não informado,,Não informado,EKLEKTOS,Não informado,9a5f7ae6fde39f04ad777cbb754a5310
2023-10-01,Não informado,,Não informado,EKLEKTOS,Não informado,bb70d24db6a703b8efea078af0bccbca
2023-10-01,Não informado,,Não informado,BUTANTÃ,Não informado,d41d8cd98f00b204e9800998ecf8427e
2023-10-01,Não informado,,Não informado,EKLEKTOS,Não informado,bb70d24db6a703b8efea078af0bccbca
2023-10-01,Não informado,,Não informado,EKLEKTOS,Não informado,d41d8cd98f00b204e9800998ecf8427e
2023-10-01,Não informado,,Não informado,BUTANTÃ,Não informado,d41d8cd98f00b204e9800998ecf8427e
2023-10-01,Não informado,,Não informado,EKLEKTOS,Não informado,b50ea28a46338682586c99960c080c39
2023-10-01,Não informado,,Não informado,BUTANTÃ,Não informado,d286166bfb04c875ade226bf2f4d7a5a
2023-10-01,Não informado,,Não informado,BUTANTÃ,Não informado,208c34646e2b52593bba6c12d4a0f0fe
2023-10-01,Não informado,,Não informado,EKLEKTOS,Não informado,b50ea28a46338682586c99960c080c39
2023-10-01,Não informado,,Não informado,MORUMBI,Não informado,d41d8cd98f00b204e9800998ecf8427e
2023-10-01,Não informado,,Não informado,BUTANTÃ,Não informado,d286166bfb04c875ade226bf2f4d7a5a
2023-10-01,Não informado,,Não informado,MORUMBI,Não informado,d41d8cd98f00b204e9800998ecf8427e
2023-10-01,Não informado,,Não informado,VOX,Não informado,d41d8cd98f00b204e9800998ecf8427e
2023-10-01,Não informado,,Não informado,BUTANTÃ,Não informado,064532bffbd4a3d8bb8001c21486233a
2023-10-01,Não informado,,Não informado,BUTANTÃ,Não informado,064532bffbd4a3d8bb8001c21486233a
2023-10-01,Não informado,,Não informado,BUTANTÃ,Não informado,d41d8cd98f00b204e9800998ecf8427e
2023-10-01,Não informado,,Não informado,BUTANTÃ,Não informado,d41d8cd98f00b204e9800998ecf8427e
2023-10-01,Não informado,,Não informado,BUTANTÃ,Não informado,2810a568b622debe745e3631e3101657
2023-10-01,Não informado,,Não informado,MORUMBI,Não informado,d41d8cd98f00b204e9800998ecf8427e
2023-10-01,Não informado,,Não informado,BUTANTÃ,Não informado,d41d8cd98f00b204e9800998ecf8427e
2023-10-01,Não informado,,Não informado,MORUMBI,Não informado,d41d8cd98f00b204e9800998ecf8427e
2023-09-01,Não informado,,Não informado,MORUMBI,Não informado,d41d8cd98f00b204e9800998ecf8427e
2023-09-01,Não informado,,Não informado,BUTANTÃ,Não informado,d41d8cd98f00b204e9800998ecf8427e
2023-09-01,Não informado,,Não informado,BUTANTÃ,Não informado,d41d8cd98f00b204e9800998ecf8427e
2023-09-01,Não informado,,Não informado,BUTANTÃ,Não informado,d41d8cd98f00b204e9800998ecf8427e
2023-09-01,Não informado,,Não informado,BUTANTÃ,Não informado,d41d8cd98f00b204e9800998ecf8427e
2023-09-01,Não informado,,Não informado,EKLEKTOS,Não informado,d41d8cd98f00b204e9800998ecf8427e
2023-09-01,Não informado,,Não informado,BUTANTÃ,Não informado,d41d8cd98f00b204e9800998ecf8427e
2023-09-01,Não informado,,Não informado,MORUMBI,Não informado,d41d8cd98f00b204e9800998ecf8427e
2023-09-01,Não informado,,Não informado,VOX,Não informado,d41d8cd98f00b204e9800998ecf8427e
2023-09-01,Não informado,,Não informado,EKLEKTOS,Não informado,d41d8cd98f00b204e9800998ecf8427e
2023-09-01,Não informado,,Não informado,BUTANTÃ,Não informado,d41d8cd98f00b204e9800998ecf8427e
2023-09-01,Não informado,,Não informado,MORUMBI,Não informado,d41d8cd98f00b204e9800998ecf8427e
2023-09-01,Não informado,,Não informado,EKLEKTOS,Não informado,d41d8cd98f00b204e9800998ecf8427e
2023-09-01,Não informado,,Não informado,MORUMBI,Não informado,d41d8cd98f00b204e9800998ecf8427e
2023-09-01,Não informado,,Não informado,VOX,Não informado,d41d8cd98f00b204e9800998ecf8427e
2023-09-01,Não informado,,Não informado,VOX,Não informado,d41d8cd98f00b204e9800998ecf8427e
2023-09-01,Não informado,,Não informado,EKLEKTOS,Não informado,d41d8cd98f00b204e9800998ecf8427e
2023-09-01,Não informado,,Não informado,MORUMBI,Não informado,d41d8cd98f00b204e9800998ecf8427e
2023-09-01,Não informado,,Não informado,MORUMBI,Não informado,d41d8cd98f00b204e9800998ecf8427e
2023-09-01,Não informado,,Não informado,MORUMBI,Não informado,d41d8cd98f00b204e9800998ecf8427e
2023-09-01,Não informado,,Não informado,MORUMBI,Não informado,d41d8cd98f00b204e9800998ecf8427e
2023-09-01,Não informado,,Não informado,BUTANTÃ,Não informado,d41d8cd98f00b204e9800998ecf8427e
2023-09-01,Não informado,,Não informado,VOX,Não informado,d41d8cd98f00b204e9800998ecf8427e
2023-09-01,Não informado,,Não informado,BUTANTÃ,Não informado,d41d8cd98f00b204e9800998ecf8427e
2023-08-01,Não informado,,Não informado,MORUMBI,Não informado,d41d8cd98f00b204e9800998ecf8427e
2023-08-01,Não informado,,Não informado,MORUMBI,Não informado,d41d8cd98f00b204e9800998ecf8427e
2023-08-01,Não informado,,Não informado,MORUMBI,Não informado,d41d8cd98f00b204e9800998ecf8427e
2023-08-01,Não informado,,Não informado,MORUMBI,Não informado,d41d8cd98f00b204e9800998ecf8427e
2023-08-01,Não informado,,Não informado,EKLEKTOS,Não informado,d41d8cd98f00b204e9800998ecf8427e
2023-08-01,Não informado,,Não informado,VOX,Não informado,d41d8cd98f00b204e9800998ecf8427e
2023-08-01,Não informado,,Não informado,VOX,Não informado,d41d8cd98f00b204e9800998ecf8427e
2023-08-01,Não informado,,Não informado,EKLEKTOS,Não informado,d41d8cd98f00b204e9800998ecf8427e
2023-08-01,Não informado,,Não informado,BUTANTÃ,Não informado,d41d8cd98f00b204e9800998ecf8427e
2023-08-01,Não informado,,Não informado,BUTANTÃ,Não informado,d41d8cd98f00b204e9800998ecf8427e
2023-08-01,Não informado,,Não informado,BUTANTÃ,Não informado,d41d8cd98f00b204e9800998ecf8427e
2023-08-01,Não informado,,Não informado,MORUMBI,Não informado,d41d8cd98f00b204e9800998ecf8427e
2023-08-01,Não informado,,Não informado,EKLEKTOS,Não informado,d41d8cd98f00b204e9800998ecf8427e
2023-08-01,Não informado,,Não informado,VOX,Não informado,d41d8cd98f00b204e9800998ecf8427e
2023-08-01,Não informado,,Não informado,MORUMBI,Não informado,d41d8cd98f00b204e9800998ecf8427e
2023-08-01,Não informado,,Não informado,BUTANTÃ,Não informado,d41d8cd98f00b204e9800998ecf8427e
2023-07-01,Não informado,,Não informado,MORUMBI,Não informado,d41d8cd98f00b204e9800998ecf8427e
2023-07-01,Não informado,,Não informado,MORUMBI,Não informado,d41d8cd98f00b204e9800998ecf8427e
2023-07-01,Não informado,,Não informado,BUTANTÃ,Não informado,d41d8cd98f00b204e9800998ecf8427e
2023-07-01,Não informado,,Não informado,BUTANTÃ,Não informado,d41d8cd98f00b204e9800998ecf8427e
2023-07-01,Não informado,,Não informado,BUTANTÃ,Não informado,d41d8cd98f00b204e9800998ecf8427e
2023-07-01,Não informado,,Não informado,BUTANTÃ,Não informado,d41d8cd98f00b204e9800998ecf8427e
2023-07-01,Não informado,,Não informado,BUTANTÃ,Não informado,d41d8cd98f00b204e9800998ecf8427e
2023-07-01,Não informado,,Não informado,BUTANTÃ,Não informado,d41d8cd98f00b204e9800998ecf8427e
2023-07-01,Não informado,,Não informado,BUTANTÃ,Não informado,d41d8cd98f00b204e9800998ecf8427e
2023-07-01,Não informado,,Não informado,BUTANTÃ,Não informado,d41d8cd98f00b204e9800998ecf8427e
2023-07-01,Não informado,,Não informado,BUTANTÃ,Não informado,d41d8cd98f00b204e9800998ecf8427e
2023-07-01,Não informado,,Não informado,BUTANTÃ,Não informado,d41d8cd98f00b204e9800998ecf8427e
2023-07-01,Não informado,,Não informado,MORUMBI,Não informado,d41d8cd98f00b204e9800998ecf8427e
2023-07-01,Não informado,,Não informado,EKLEKTOS,Não informado,d41d8cd98f00b204e9800998ecf8427e
2023-07-01,Não informado,,Não informado,EKLEKTOS,Não informado,d41d8cd98f00b204e9800998ecf8427e
2023-07-01,Não informado,,Não informado,VOX,Não informado,d41d8cd98f00b204e9800998ecf8427e
2023-07-01,Não informado,,Não informado,VOX,Não informado,d41d8cd98f00b204e9800998ecf8427e
2023-07-01,Não informado,,Não informado,VOX,Não informado,d41d8cd98f00b204e9800998ecf8427e
2023-07-01,Não informado,,Não informado,VOX,Não informado,d41d8cd98f00b204e9800998ecf8427e
2023-07-01,Não informado,,Não informado,MORUMBI,Não informado,d41d8cd98f00b204e9800998ecf8427e
